{"\u4e3a\u4ec0\u4e48\u63a8\u8350": "http://www.baidu.com/link?url=S2pMPL418yeNkL-BVLvUbmmAo5vvmf-dOuNo_SKIK2s-14HBBUbeilsVYCr2Xm7s"}{"\u4e3a\u4f55\u65b0\u51a0\u80ba\u708e": "http://www.baidu.com/link?url=RiZfRhKK_jmSz2QfIfdOsfmjfCBlz2eho561JofQpKeAyvUJKe6Jq16f3FKHDfYduUjEMsRhrhYfCPbIuyvJX7F9pkia0hfGMNEMuRKyWri"}{"\u5eb7\u590d\u8005": "http://www.baidu.com/link?url=q_BdSWlTxes97Qi4FG2FYEeMoxWrj63xWGkjkGkttmu00ALGjSzwVHRGZjUZpW5roNndmjJjCBjBf5EPdDos2ts0qXzq6-35EPWHJ0Eyumi"}{"\u201c\u5e0c\u671b\u66f4\u591a": "http://www.baidu.com/link?url=qheqOJnD1BP5jF17ec_L6OSBf-ISGXAWPnDWc0svha0wW2KV54_kgbwJk92MNf8pMVPC-ZKzeOMZ33RRvxz-l_"}{"\u5e7f\u5dde13\u4f8b": "http://www.baidu.com/link?url=b-gaa1K6xiOxB5Vh1FCz0VApnVPYqljKKqfz9VLnfU-6B9Gr-RuQ-mPIms28nUJYT_MjIpWTZxXMC71pZx45_0urac6bGHA37KwZYCLjnbe"}{"\u52a8\u753b\u6765\u4e86!": "http://www.baidu.com/link?url=DfMe4bd2JHAL_lABOHtgiEEmwWGdKDKCiW5cJrdE0pnBnVd0D3zzDOsMnI6bE1N4H_O6poEQ6x4vm3G2oKrDDq"}{"\u3010\u4e00\u70b9\u8d44\u8baf\u3011\u65b9\u8231\u533b\u9662:": "http://www.baidu.com/link?url=fvGSBq5NeKyy7mgnEN4MdhlkW_CcVZlbwXwPzPLhizbaNAYaDCPN99aVQS59vv0YF1mrprxKysZrYEGXk_kW5K"}{"\u52a8\u753b\u6765\u4e86!": "http://www.baidu.com/link?url=yyPeu6SDFFnFv7zuUAx4e1pmkaXSxS0z7R4RNrzUPuwLPtQT9cgWVom-IcQQwgYG4waAMC3prrsI7MJt9SX3ku1qkyJvmr2IVEY1uGreA0m"}{"\u798f\u5efa\u9996\u4f8b!\u65b0\u51a0\u80ba\u708e": "http://www.baidu.com/link?url=H_ccuzG-x8W1a7qNgWf__kqG8VyapTkamLzbadrzhL-f2bxKC94Rqt5Yh9aJ36UBgUtSvE2YcMAhZvCCCISPQ7dmBJSysq4Jzvy2U1V9G-e"}{"\u65b0\u578b\u51a0\u72b6\u75c5\u6bd2\u80ba\u708e\u60a3\u8005": "http://www.baidu.com/link?url=sSg4yjTB0N8IkytNu8Cvxy5uRRPHHH37Z2zh76s8_h6kfTQBOdIcxhiHkN6_eWST"}