{"\u5eb7\u590d\u8005": "http://www.baidu.com/link?url=7k4li_oDpxm1s4PueB_QjUSuOiiM75sOR7su3XVfxUAP-GpeWjBXqtUFKZsHWN7O"}{"\u6df1\u5733\u65b0\u51a0\u80ba\u708e\u75ca\u6108\u8005\u53d1\u58f0:\u6211\u8981\u6350\u8840\u6d46!\u201c\u975e\u5178\u201d\u65f6\u671f\u6df1\u5733\u66fe\u7528": "http://www.baidu.com/link?url=ZvAKJZ-n2DPt3-KVu8aoWBMhNSm42gI_MpP1D7eMKtmyHP3-mhViyfRFK4ySmbuokzEhorWJw3l7TnFfluTlbK"}{"\u6211\u662f\u5982\u4f55\u6218\u80dc\u65b0\u578b\u51a0\u72b6\u75c5\u6bd2\u7684?\u4e24\u540d": "http://www.baidu.com/link?url=57aywD0Q6WTnl7XKbIHuE8b-omKc3ap2x5EsTpVbV6B6Ci8Ynuzlj4BGR8OxTXMCaWnpNxbykhm1jAJcaIakWK"}{"\u3010\u9632\u63a7\u77e5\u8bc6\u3011\u4e3a\u4ec0\u4e48": "http://www.baidu.com/link?url=qUvAquSZd4Q9yzQptSzfYfVyq5grH_ecQ2e4gDTiBhFmVNF8LpLCeuPef-OkVSOFjxVTKVBKcDOu17B17o4f4MSbN6xQfRf1GcdmhWtGxqa"}{"\u6211\u662f\u5982\u4f55\u6218\u80dc\u65b0\u578b\u51a0\u72b6\u75c5\u6bd2\u7684?\u6b66\u6c49": "http://www.baidu.com/link?url=dG930Wgj8gRWERgRMXzzoP_fPjhSLyWTo1tGd_f1WjpJqywxoV6ZlLVMNpHTZICKlTc3SNSZKgQPnxCEMgAOoa"}{"\u201c": "http://www.baidu.com/link?url=Rq8w541QvNIpfDXOzuvfFfuawbKfyrtsqzWGrJ1QaZ1mB9IKADBkGU26iSbqNpxiljhvXvDx1IfOgdoDS0CArq"}{"\u5eb7\u590d\u8005": "http://www.baidu.com/link?url=8Uzhfahhp1-ZTfvT97he9f1pIA2AJMITyE6to0r9JjZ0a8736MqEOvz_K_q-FQpQqZxK6EqkBG90oov5ZIVyca"}{"\u732e\u8840\u6551\u547d!@\u65b0\u51a0\u80ba\u708e": "http://www.baidu.com/link?url=Rh8-8a_DGH_twkDkI4iO2EWb3Rl7M1IBSl18oifxIzrzDTLlwNemRR5L8n-YVXTcdyxSG-E7LQJXzAE7xuOcJa"}{"\u65b0\u51a0": "http://www.baidu.com/link?url=c0dSM_hV3iU8rpNnrTsqKbUdm6z3rnsyDR0GVqnF-BIMK0r-LtGQELpbeFGPHQ884s6BEqnpC2buBNfvRsHeba"}{"\u5e7f\u4e1c3\u540d": "http://www.baidu.com/link?url=MeurA56-BdjLo8Ao6qauXdY0wq_M-W7zS80LLPK2hgxFyaHWDQf_ofni41A9z3OMgoN8EWDEn4G_tTgLxOZYVSGgMGRmMaU_6p3r2fAJara"}