{"\u201c\u590d\u9633\u201d\u662f": "http://www.baidu.com/link?url=yh3-dN3ccNHUoxpT6ZT0FL-P8PP22G-coQ8nI_qU05PHfyRGjA4NOSd9byHI7t8Kp4BT02m13Pc1uqfha7qY5c1-2PvEXC0VEztqVdENiZJwGa1cO8DsYX4dS5462hlWPSwq0w00N7dkn7CZxL12Ka"}{"\u5168\u56fd\u5171\u91c7\u96c6544\u4eba\u6b21": "http://www.baidu.com/link?url=UGFBy64HxPGAcjjMhdLcNKiR2a3RkuIcShucYrhBra030XZV3oXWGNs_1vxBSBUhXZiB_OoKoh8Y_MaYb6kKbhX3454WTFLzqK-3zfDc3xC"}{"\u300a\u5173\u4e8e\u5370\u53d1\u8fdb\u4e00\u6b65\u52a0\u5f3a\u65b0\u51a0\u80ba\u708e": "http://www.baidu.com/link?url=CBsPpeWaRdGmmKfu_KsaA-m3T5y37txSm-xpk5rYOKPSbMrit4vJk1pAi_ZE-9qSSN2eZaM0PBA4zRVAuRUe0kyGhYNoqyJZ2HR4hPIkS1F85FWzEGkAkJkPE0hlqtYm"}{"\u89c6\u9891-": "http://www.baidu.com/link?url=1uJqAu0PQQLRjC4IVLxlVkDcM3UiFCEFsBfXGnX2gbw3ukUDb_3J5sOY39Sp9mxp3dakuBXNQt_qwWV7XadLGUsaJZlGBFFbh54EbdB85j4UZ-CpuHBhhT1dPiOO-CW5"}{"\u201c\u88ab\u6551\u201d": "http://www.baidu.com/link?url=OQKYDVgPxeI9nYTzir4USbjVaOvtRq30XfDJhdGHCIR8mniDGuAABC7GAg1vCb9fAd_9mXV5WlSfo6YJhOV7HK"}{"\u6c55\u5934\u5df2\u67095\u540d": "http://www.baidu.com/link?url=ZURIB2cV_hXtXKrgUL9PbucJb_PWNua8ExQWHwZHlNWAZYD22-lbP_F-ZCYSDjRK5bYwhq5rmIKf7Z8c66_Qq7yGWRdXTv4szVOaWiL2ZHe"}{"\u5eb7\u590d\u8005": "http://www.baidu.com/link?url=meMJYQ5Q9C__NTcwWPH0sQcXqpsIwmdxecexh1UQCujH99RcKYOvNt0ycsD2iKVRaOwROoowRVe5x4YlMotWha"}{"\u6218\u201c\u75ab\u201d\u5173\u952e\u65f6\u523b \u8fd9\u4efd\u8840\u6d46\u6216\u5c06\u6210\u4e3a\u4ed6\u4eec\u7684\u5e0c\u671b_\u65b0\u5750\u6807_\u4e2d\u56fd\u73af\u5883": "http://www.baidu.com/link?url=qlwl40aZr-3r3mE8Ci3n05MP0a7KdDKxSCAkylZFFoMuSlPCpz1p_thrumsxRNTmoREdAWM_kZN0nVG5M2q_otKiURivVKFTnLOs-l-ozzS"}{"\u4e0d\u5e94\u6b67\u89c6\u65b0\u51a0\u80ba\u708e": "http://www.baidu.com/link?url=v5dqorzHbTapmW4JOjWBRIqaU46m4rAcUq0HVKEB-uhJKZ1M-BNfCVnkI2GuL1Rri6T7lob0fMjkUqctaRFiuK"}{"\u5eb7\u590d\u8005": "http://www.baidu.com/link?url=fJKL_Eo5hdGojfBzE-Nd_cx4NL3taUSCA2s8k75jX2WXsRzjKJ1ZP2E_QRQJGcAmnttEJs0p5AtQGjpf6gTdG_"}