{"\u5eb7\u590d\u8005": "http://www.baidu.com/link?url=ZMCJFGQfFJcN3CC-_odIHakmRQHV_Meq4q43WjxvaL_NnMOPrPycnANuXpoz4OE9Ix4zHNf15XIRxLD-re9Kyfhw6dSBm0hr2tY74XkBJvG"}{"\u5eb7\u590d\u8005": "http://www.baidu.com/link?url=W8o0W1iEWJEZkBiES4nufteyGHjTjaiHMzJnX5-Wx-Z1zuLnLOmOTj8aQx9km4Stk0f9EDJucZncUvGkY4nZBGj6pLpfC9EJHB-u1hGsiES"}{"\u5404\u5730": "http://www.baidu.com/link?url=BoNsWpkejOZBnKFmVNhLgrWZBNGxxN6gHVlv7oxsYaztJneB22y2uya1Jlm5zFtMGjIFIURDLqhiCmpduoKg4rg-RZw1obuBRfi5t3sGVu3"}{"\u3010\u4e00\u70b9\u8d44\u8baf\u3011": "http://www.baidu.com/link?url=zg62ddx9q9wSzU7IYM0UvkPdO0_EDvNCqHEypCb8Cc6GH8qwZ1ndhCV2V04gfrPYrRzp5yzpq6nX-JIBN1g1TK"}{"\u5eb7\u590d\u8005": "http://www.baidu.com/link?url=-WoSATBoQgZpZ80B-ncUptWv_0NfzoeZLn2mQKUYo76N-V4UxL7B5PIHmeKO9F_YqyKmrvq83MF7lc_kPR14hK"}{"\u5eb7\u590d\u8005": "http://www.baidu.com/link?url=i1PpcOPXVjuF8X7wrjkYFa6tv2M52ZGSkgpgPHOp0JrNJZkfmsJNgo8lElpOps37PGtNYAHJCHu8CSOSuygaWVgqoNKPymtL_QNLKwcmQde"}{"\u65b0\u51a0\u80ba\u708e": "http://www.baidu.com/link?url=bd3ChRbO5TJY-EdAyEpIURmOKQ2H54CTvRMuWaL_dMWMpMBk7glR5vCGQoJttfVK8F57mL7-bJu0S5Ev2kNtknnvHVOUwcn_68st2SvGIq3"}{"\u5eb7\u590d\u8005": "http://www.baidu.com/link?url=VDfhZwaks1U9K5I-Y8Gvs-sZyPlO0sFdiJD8OCuoltodHpWPGIJxTePxcdJ4rJrlMqVkQdQiViVkfyecqGqusK"}{"\u65b0\u95fb\u53d1\u5e03\u4f1a | \u4ec0\u4e48\u662f": "http://www.baidu.com/link?url=eb_Qoo18qesVYaojoVFc1kRZm4ooYVKM1UL1DuIT5lS8eKh6gJ3-ZeEnWmBeyKqA5JjOJ2_0KfNZe4RrqjD8ia"}{"\u732e\u8840\u6551\u547d!@\u65b0\u51a0\u80ba\u708e": "http://www.baidu.com/link?url=i_MfM3cRM6ZMzU7p10B22DOULHWVUQT2MSTWJN3hAL1sfyZihi_-pib-cp6ujTxvx59_mAotYo68nWMheT5Dxe63vtbbVsB-kNrbAzbHfy7"}