{"\u5eb7\u590d\u8005": "http://www.baidu.com/link?url=YYoOLSXJXaBozp1Dc8CnGXiESV7VgbhbR9jcaSYXR0HbfiuAfrPaTnuNBrcWyZEbmQtmSKr1K5xWwuf4a8gKkq"}{"\u91cd\u5927\u7a81\u7834!\u65b0\u51a0": "http://www.baidu.com/link?url=3DQaVm0yOO_dfJ9_C9qQPWWu7R3SNMuqVatE1GvKo8LInbVA_0NsfbZRZT8_1lvsT50SFRvo0LosJpvKHMQNIupmpSV5VbPmbmLHtfUSsVe"}{"\u5eb7\u590d\u8005": "http://www.baidu.com/link?url=v2lR_oKFEp-bX-mQ9k3KiIVGLLlD8rceHzpm0uTFgNvSWWAN_IfPeX-hHUTJRO2X9f1iJtVnWRng2uph5YEr3R5ZvapwbjnObFWwv_xec_q"}{"\u56fd\u5bb6\u536b\u5065\u59d4\u2014\u2014\u5168\u56fd\u5171\u91c7\u96c6544\u4eba\u6b21": "http://www.baidu.com/link?url=BZajK57uTo7TnSjBHn_6vcENW-y17nIxsNrG4hVcF4uHo6V4oHISnuVMhVJUbpvRTPvwSQc9CU4VAX6OylfxV2pbqFxKEo2Uh4-jjpZPiQe"}{"\u65b0\u51a0\u80ba\u708e": "http://www.baidu.com/link?url=KuAWR5mziPG6sRJTMtIdw0RsQnJ8R42PEvTpNk0RQpruatWsctaIG3B0YLJV_qq0nMrqZuAlNkiCg4YPZUSdaK"}{"\u4e2d\u56fd\u751f\u7269:": "http://www.baidu.com/link?url=oK5LGKiPP6bSX9DIL1gwZGbWHpYBdYGxn5RHyaTiBqh9-MUfIj-haqw0spI5TlWxVyTa7NFx5UKhMh1stTLWna"}{"\u4e2d\u56fd\u751f\u7269:": "http://www.baidu.com/link?url=Zhy6tjzBb2gc71LlGaX6UV65HfSP2TkcP82zrEvhMCIdyKdY1RjiutXzU8l99Ge9yCaVZKya_QMnVWNMCx5RpK"}{"\u3010\u9632\u75ab\u79d1\u666e\u3011\u597d\u6d88\u606f\u6765\u4e86!\u4e3a\u4ec0\u4e48": "http://www.baidu.com/link?url=KSwT7SdRDICL2rwWDOWdrPf7R64umpes2xbhjQRb9XD-j1v3fcrAtf7y3iLI6PPwqPM7r0s9SSPSd3LlsCy3la"}{"\u91cd\u5927\u7a81\u7834?\u65b0\u51a0\u80ba\u708e": "http://www.baidu.com/link?url=RHZbqDeKi8LzQQBJ5UTM1o36sFs3b716MgdhcqhaiMm68xK5iISYQ1qB6MfllWyxniODKUeebRhA5tIVxG6BJEx0aTCLCHVLp8RWZ6-LdRC"}{"\u89c6\u9891-\u91d1\u94f6\u6f6d\u533b\u9662\u9662\u957f:4\u4eba\u5df2\u63a5\u53d7": "http://www.baidu.com/link?url=jx3O4uL_OtqqOKl_9dwktK5xpukPCst2q-bBpdCnVd0h548_k_WA5my67z5oYo_0PIjmzXEbOMEcCE0hMShWgn5s2VjfZ9iefY_4jlUHueDQrrH8j_P5nqy3B7krnxUbW9MErmmVgxF6tGxBzBBi9K"}