{"\u5eb7\u590d\u8005": "http://www.baidu.com/link?url=t-0eA8AGGRWQ_MQpHfqZx4u3tvsUk0LcFhWIPjwGpd3CXC_Gm97-oG66Nd8KPJ7bONNrhY9cQhw_72qWYjDmda"}{"\u9884\u7ea6\u732e\u8840": "http://www.baidu.com/link?url=hVDVOkghipadn5UFMtUv1rHOvFp7NxJqa6hOwvptBzE8Cz7Tg1rVGX5SgxZaZo_BvQ1gFuAukYTiMiQvevlMUK"}{"\u7597\u6548\u663e\u8457!\u7528": "http://www.baidu.com/link?url=57aywD0Q6WTnl7XKbIHuE8b-omKc3ap2x5EsTpVbV64RSk-XrMn82e4wtu03smzQrxUMdmfw1ivGB4yjYXEEZK"}{"\u5eb7\u590d\u8005": "http://www.baidu.com/link?url=fJKL_Eo5hdGojfBzE-Nd_nUULF3lVH6PQTjdM7lnkKXd2-3R2WksA28I-3qdzf_0EBlT9mLSyHKN5vuT9ud9R_"}{"\u6211\u662f\u5982\u4f55\u6218\u80dc\u65b0\u578b\u51a0\u72b6\u75c5\u6bd2\u7684?\u6b66\u6c49": "http://www.baidu.com/link?url=KGpSoJmsVaOhDe-Fz-MqhaCezPvpXPGcin-FAPqibHXBa8n9x9h0dpw2M7JtmMeomLslIMQGUVat7SfBSN5t1YELrnwH3Mg_iVyqg0RmCoe"}{"\u3010\u4e13\u8bbf\u3011\u4e2d\u56fd\u751f\u7269\u8463\u4e8b\u957f\u8be6\u89e3": "http://www.baidu.com/link?url=vLqKgvb0H6ML1XeQKYLB6ll_9AywRDeqCT6W6iHA8oALjA8dYTaocIEp92A_c5ju9vDkTPEF5YI5FUjeFlMargPyF2v5JshnOXz2vHlZVUnIXcl98kBf54gVU95JZnM_"}{"\u5b98\u5ba3!\u65b0\u51a0": "http://www.baidu.com/link?url=bQLDt5r-VYz3-_s57DWkzgBynXn-C1gf41W4qIIUbJ6u1WTr1Te6H8uz0QbGk-MX"}{"\u5916\u7c4d\u65b0\u51a0": "http://www.baidu.com/link?url=16Rq4a9WJbnkm9x7-Fsq6xUFH4eHZFN-dnrNQ9ZmtWZRAV2LCMqRr-n0bJcmvybjEbJcvH0u0IMLQb8B1J66Ua"}{"\u597d\u6d88\u606f\u6765\u4e86!\u4e3a\u4ec0\u4e48": "http://www.baidu.com/link?url=RVsGHjDwxPkuMMlwIernfX88B9R35DmJz9rq6S8kaw5_guPv6n_GFEnAp9nehbKXJbzFcmABZ7hspoz9x5IEzf0jDe27QB44gkRz9_ba4Fu"}{"\u4ec0\u4e48\u6837\u7684": "http://www.baidu.com/link?url=Pj6tx9bXz-yAINQW0F1rs1F221ofC-6N5xqKlYKKo8EmtLurGbc3-z3YnQYRbYbq6NqmBwQOgLs8ivYP6ANa2_"}