{"\u6cbb\u6108\u3001\u51fa\u9662!\u51fa\u73b0\u76ee\u524d\u6700\u5927\u5e74\u9f84": "http://www.baidu.com/link?url=gO7UsA_Q5oAGHPW8WiI5DxtIApLdn3tw9iZzDClyRnOJxbiY-UbW2h6fphyiPwEk"}{"\u76ee\u524d\u5e74\u9f84\u6700\u5927": "http://www.baidu.com/link?url=-eUkmYPv1rHzs9yYjTjQ0gJxfMkeZGRLI_XkTFdgUAlwDFcERBtKyCbu92X18JQUwfuJXypLdR2huNruLqjlLq"}{"\u6700\u65b0\u597d\u6d88\u606f!\u51fa\u73b0\u76ee\u524d\u6700\u5927\u5e74\u9f84": "http://www.baidu.com/link?url=InEo4Tt8CLARklxntuU2uch2rPZ4FsKzhOneDjj2_HNjSdMhIsvx2HnqJau4bkDXaAapvaX-KhG0Dps0e19nw35nJGcSqPCoSpsKIoaeQ1C"}{"\u76ee\u524d\u5e74\u9f84\u6700\u5927": "http://www.baidu.com/link?url=04gq9XGIxH6LY1EgsqMhcCHyJH4nFcHT9cimt9DxaloNhORE0XCK6ko2VCWyn1IWl-zvYq042CsHgCHWCLNm6D-fdlDSQSqBznrLA_rVfQ7"}{"SARS": "http://www.baidu.com/link?url=Bekg3wbPSsyIkcCIO2vZeHoNWDp0kUGQ57mSkxXCWOUjCr0M9JGTByBMZjZ8kA53_1ixeJrXus46pwQV5piAm_"}{"\u3010\u817e\u8baf\u65b0\u95fb\u4e13\u9898\u3011\u76f4\u51fb\u201c\u6218\u75ab\u201d\u6545\u4e8b - \u817e\u8baf\u7f51-QQ.COM": "http://www.baidu.com/link?url=biBZ1f9mRnbuW89voSDOCJ3lZ9D99WPSsAvcDhDOicRXG08krxhvyd80nunfMBUGBagW0EDLOwqDIFzBiCnryztcWixhSlWbweHnb_0xCja"}{"SARS": "http://www.baidu.com/link?url=IJyM4s7g7R6rMxS_Zp1PLJWgWp1XdKNgSnIYF3iNe0L2Bya_G0jbaFah2CesZSDJmeKa75mCKi8beoTbUhbv7a"}{"\u6297\u51fb\u75ab\u60c5\u4e00\u7ebf \u6700\u7f8e\u4e3d\u7684\u9006\u884c\u8005-\u8d44\u8baf-\u9ad8\u6e05\u6b63\u7248\u89c6\u9891\u5728\u7ebf\u89c2\u770b\u2013\u7231\u5947\u827a": "http://www.baidu.com/link?url=jz-DQ3unyWbQoKd1OWFBSepgduuGOfjmA4SfnIUL0SussQ-ULKAOFblaWoFU-yQpZCYwX-T8NZjX8PJ8eF8Uha"}{"\u6469\u6839\u5927\u901a\u62df\u5728\u6d88\u8d39\u8005\u90e8\u95e8\u88c1\u5458": "http://www.baidu.com/link?url=JjZ2fWRuXSqLHS3gWFYgMfcuLHY75tD7j_V5TvaaXotLGY9i76Cxg2LMNgCio0Q9s0Y_eX2LcJK7VwC8s7c3SLQw9zlyjOF4TUOplYfoIR_"}{"\u4e92\u52b1\u540c\u884c\u2014\u2014\u7cbe\u795e": "http://www.baidu.com/link?url=wzadskVrz-m5FFKDFxECoQ1PC4I_QNt5iuAjI3_P1reWXmuwtc6aF3SO0HgzEd--pERtyfBWaeTtMq7Y1D11C_"}