{"\u5409\u6797\u7701\u9996\u4f8b\u201c": "http://www.baidu.com/link?url=-Ik_r8YOTgNrqfvGNruwtiUDzZ6sOo_lECb3XhejUB9kEhXMFlTKWvstbPGX8agX6jA_lmnytN6eSEbW1TKYFZ5wzAzG7qGn9tNEMxwMUlO"}{"\u4e3a\u7cbe\u795e": "http://www.baidu.com/link?url=CjJVLdsq5fYpMoja0JaL1WurFguByTVy2XqLKu-GZTT9R4nRTuigsTzBX0JQVe3LdjjA-NmsKg9-eMsbIPsyMK"}{"\u5929\u6d25\u9996\u4f4d\u6350\u732e\u8840\u6d46\u7684": "http://www.baidu.com/link?url=Q0EJvnXX9sTepvgsc-D12kValEgZ5p28zvgGAle7-JKReNX0RQdrWn6Eu_BKcjppT4qi-k2-h7lJDltUdx0k3K"}{"\u5eb7\u590d": "http://www.baidu.com/link?url=9bU9Zdueh49mNNUvlDCiZMx6XGH6M8DS0GqmwcB4Spq8QUmDOnIxe9K7se7uytrJlyEE0nY8RM0NM62e785NkTLsVw9l920AgkulcajL1NO"}{"\u201c": "http://www.baidu.com/link?url=p713bXNkB3YEGnPEEnU2BJ2jNWezZhtS_nWqWjadyCILUNTaAz9Xiwsd_nUCQy9gQ2rOqbJz_y-SiJynhwHAoK"}{"\u6d59\u6c5f4\u4f4d": "http://www.baidu.com/link?url=GVmygEJC-wT2suzLJ8-xaSWhmzUPxePw92Xwqr9oTz6Xsu6h4dmBzERSO1xTMKLvONJtkK2FktZ9yaI-zDfaaq"}{"\u6c5f\u897f\u7701\u4eba\u6c11\u653f\u5e9c \u6700\u65b0\u4fe1\u606f \u6211\u7701\u65b0\u51a0\u80ba\u708e": "http://www.baidu.com/link?url=znzr6Oh3S_32op_M7aeZo6ewBsiCfc-y3eVQkxIvu49r82UiEJ30ylsvJULsHV6QV1FWuIMmNk60dpJ5AoigHs8aRebpPJKQOmYAzFg4ktm"}{"\u8ba9\u7231\u4f20\u9012 \u6d59\u6c5f8\u540d\u65b0\u51a0\u80ba\u708e": "http://www.baidu.com/link?url=lg7gHdU0w_qGUMspQRgnu8hbOtxCTfT6UuCRmVXfHfR4ATjCSla3v1PGYrfXiko9nkJthCN9blWc_hDQ4pbl-IfGn3dqzqe_-EE2J74deL7"}{"\u6c5f\u897f\u9996\u4f8b\u65b0\u51a0\u80ba\u708e": "http://www.baidu.com/link?url=5BOe7S76NpExq7lQv26eVFJx7JL_MSvU1oNm67_vxp_Jp9qsaUaXgMN0gwfGfannFtnIDcCgmT2fh1zZXablGL3jrtFkJ1iZ9ikmCqEZH5q"}{"\u732e\u8840\u6551\u547d!@\u65b0\u51a0\u80ba\u708e": "http://www.baidu.com/link?url=cU_u0iAcR6ihb6rd0-Mo_ew66RoIi_szoRqoQR9ZI_SLSZKua0l8GWRM-8NMu12LlyYFBr_4L_udVNJhkTuPzq"}