{"\u6d4e\u5357\u65b0\u51a0\u80ba\u708e": "http://www.baidu.com/link?url=RCE30zh6ay-AmjgaW77ROjzLyR6xBk_5RuJZ7V6XXwuNsWgm1-mBJiogJCXcMO8DuVS-Y_0aTBYhm9YnSwM8w51l_knPaES2x_7mTMKzJdG"}{"\u79d1\u6280\u90e8:\u8d85\u8fc7100\u540d": "http://www.baidu.com/link?url=6uhd2uqV0U9CYIgGyMRN_tkTP4iYawWifvvuLhVHrLLTqjGdlNcSTaOBxYjrRUUIX3t1-2xHLDbJduAg1rZXQ74lwkdz7igYsIuXt80RK_3"}{"\u89c6\u9891-\u79d1\u6280\u90e8:\u8d85\u8fc7100\u540d": "http://www.baidu.com/link?url=tbvNNGlm7VT47MVVsIqK3djvLeU7aoL8hkQmD9_rSprh48Qy1EmqK1xqgLBZNFh6dqgOVCGFJZ9D5pQ5EJF3yW8Pd7sKhyflONMjws6nM7ZN7ataBi_AjghD3DT-m3oundjA_rU8Cbz3_jm8m0zUh_"}{"\u65b0\u51a0\u80ba\u708e": "http://www.baidu.com/link?url=bQ1HdQwzojn7s_Ajq60lDbtJpxrApYwlW7xNvK9_a2jjOHPE9LmfxiP_mSbG0MLJ1YKvMlWn3S7jVQdHuEqK7p7z8zYsd0y87JQH3R61b2m"}{"\u5168\u56fd\u5df2\u670914\u7701\u5e02113\u540d\u65b0\u51a0\u80ba\u708e": "http://www.baidu.com/link?url=UqRVtBVL391T9tcztkezEoEb4I1yLKdAW1tEXRF4Fw1b9AMWyZh3lYCKAurzEM8vszhcgN9FxkgbSh5oCowCMaYLCRm2IIQNvpAxZzpeKL3"}{"\u4e0a\u6d77:\u7b2c\u4e8c\u4f8b": "http://www.baidu.com/link?url=tho_mJm6mkSpz_S5pMw5a1CKp7YSOg9C_ol3AlxvMhd0yCObzppMd7zgGob_Rtq29SSpsdINeDXCIw1HOHfTAa"}{"\u949f\u5357\u5c71|": "http://www.baidu.com/link?url=57aywD0Q6WTnl7XKbIHuEzg3thMUswU0N7WVgfgfFapiLEYu3X_4Fm4epmk4Wu6DJEe6kWe89mwIba6kNC-yYIfAd2XQV5wsxicCi9rYDBG"}{"\u5929\u6d25\u65e5\u62a5\u6570\u5b57\u62a5\u520a\u5e73\u53f0-\u9996\u4f8b!": "http://www.baidu.com/link?url=jXqeD6vZb57ij4cwyvXj1hxnulsB236pznq81kgzfJsmckDPvDz7drwZF1b-f1HyuCBSj-f_JW6GI08ZxB8Q-U_Ml32hw9VNwlcdPaE0AYJwXjjbDQXrsKgSPaZTpsl7"}{"\u5929\u6d25\u9996\u4f4d\u6350\u732e\u8840\u6d46\u7684": "http://www.baidu.com/link?url=b1Vk0HPRyZ1Cv5ya2WVnoFyaQz90lsHB-dDs38cqbl6i-vE31GwAmq7LQOFm2tG8yG9KqP-rOx0Ueo2OddS4Mx-e5w-KqgbrX3HZchqU0hK"}{"\u6211\u7231\u914d\u8d44\u7f51\u5206\u4eab": "http://www.baidu.com/link?url=Af3NWUTHWjoqjHEiQGyGKWxKb0YCpL5dJpbiTeflQrp79cVawwiAd8_OiewO6rCi_UFLFimHso4WzILe-yaKrq"}