{"\u5eb7\u590d\u8005": "http://www.baidu.com/link?url=bRUhFhEMoH0Qd_WrNG_5dPqIa_OH8UdeIse66Pt_z2CTCYImckkNQBHEhg8vK2LQpdsQ5uPS04NR76WV2Og6Pa"}{"\u5eb7\u590d\u8005": "http://www.baidu.com/link?url=EzlQrCnloJD-rXdzD7THDf3E_iZrpdf1EHW4mR5AEPoevNlXNyNEkHd4DFw0t-1Hq1M2rkQxs2E6PbVOS_3TFgk0-QrFZQn80X9Xnqib1qi"}{"\u5eb7\u590d\u8005": "http://www.baidu.com/link?url=fqwDhbl7zq1jpDm0M7iX6RDLvUk9tXfaCyyTUhIVSX_G4clLovlnxn0PJKU8IlC16lSwER0szwMyWtRsie42Ea"}{"\u5eb7\u590d\u8005": "http://www.baidu.com/link?url=piYBL6Xi1qqV05wVjxn2fpuzophdZ87Z4VDEm4QX_91ayBQgvq7mdkmfEnlOkuYBKPnJ8pR3HZiC8FsEyy0OX_"}{"\u6211\u7701\u4e24\u540d": "http://www.baidu.com/link?url=2a9UuXe3N36XVznb5LYt1JPCnqvGN2Y9GmqcJs_waEbsegI7aQus8d-sT8i5rALFG6CqxkFtwDmHG4WlwBOxpa"}{"\u6211\u5e02\u9996\u4f4d\u6350\u732e\u8840\u6d46": "http://www.baidu.com/link?url=0u3bvEcVH47YJVOpUKZAlUPxGobCfCt5FAmxywJTvwTCDOIgZi_mG7FbYGWvHdqdOrKFZJAlmcuym7mnKUVCR_"}{"\u6d77\u5357:": "http://www.baidu.com/link?url=HH1nY0plA65HlTzfCsQkMJV36RMlfxXj-A6KHIwojP3l7rqmL-BLlaD16KjXSDim91KOhPRlwEU6ilOp728jlWjuaVmpnTQU2bE-gh-r5cG"}{"\u5eb7\u590d\u8005": "http://www.baidu.com/link?url=FVWQUV1LrqFR70Pv3i3i2h16o5G_flVAuX25s-lTGkErKpefr5Hp8OTraYIhem1pnK8ZAvSiagKNdhCttKMk5a"}{"\u56de\u5bb6\u5566!\u96f7\u795e\u5c71\u9996\u6279": "http://www.baidu.com/link?url=57aywD0Q6WTnl7XKbIHuEvQhlo3YdqSfPQUNBdBwDV7xIAPlOwjM5JpSX8weux0UkquPocMc5tKXeX8zQBh_I0n6GJxLWmkxsOkUDDfAIrS"}{"\u6e29\u5dde\u9996\u4f8b!\u9f99\u6e7e\u4e00\u65b0\u51a0\u80ba\u708e": "http://www.baidu.com/link?url=gO7UsA_Q5oAGHPW8WiI5D9FtbPyThBgrW9M-h-dT3vW-W4nEDfJ4da2wuPjAmGK_re7H5EQwT3Jz3MdxH7IOsiFB9uW-eGk2PvwaTpW2Ac_"}