{"\u6d59\u6c5f\u6e29\u5dde\u9996\u6b21\u7528\u65b0\u51a0\u80ba\u708e": "http://www.baidu.com/link?url=mLYkkIV8hkyCtF7h2UiFWGqQP3uppPrYw7GbdJUb364NZoraGMG3b06CVaqGf1uYl6EzEVGkteRMf1ffaYXwkeBSiamBuK8Tmwu-ymTUgrMt8YOiyYFijqHlO1SP0hHl"}{"\u90d1\u5927\u4e00\u9644\u9662\u5e94\u7528": "http://www.baidu.com/link?url=NAM8-PvFCNGhe_tfAA45ukZXo7vPmigNnODARIGsQkjbWDDaV5rTXvFzk3vD0wZ6"}{"\u65b0\u51a0\u80ba\u708e": "http://www.baidu.com/link?url=qadwPfsusA_R9CDDelEk4ZnS_UiM39D2zyt3-MlzjETSbEVk3svtLchUMRdQmCnz8AxPoknDDwkg35Om-zbxQv0NmIUa0eqD-3oo7ke2VRLFHO5sBUIsaOPNolFXuysC"}{"\u5929\u6587\u5b66\u6cf0\u6597\u97e9\u5929\u8291\u611f\u67d3\u65b0\u51a0\u80ba\u708e\u75c5\u5371 \u53d1\u6587\u6025\u5bfb": "http://www.baidu.com/link?url=LT260Chp1QSR58TZvN80DfZwjG7sALNfqF9hnS6wGPs3jBFNfxAekJd9GBwdE4PcNeeDEfl-aeq8B0p-v325ZK"}{"\u6e2d\u5357\u5b8c\u6210\u9996\u4f8b\u65b0\u51a0\u80ba\u708e": "http://www.baidu.com/link?url=CDg1-0cUxNgmSNaHRPwWJQYYsyM6oPO5wP4IGpH4u3HRl8a3atuO4Gb3qHUdKsibS2XNWTRpjeoT3Fha3Gnkbq"}{"\u5b81\u6ce2\u5e02\u9547\u6d77\u533a\u4eba\u6c11\u653f\u5e9c \u65b0\u95fb \u5168\u5e02\u9996\u4f4d!\u6211\u533a\u65b0\u51a0\u80ba\u708e": "http://www.baidu.com/link?url=RZ-vLuE6z_F1iQ2GSpDj6EXFyia5jrMHu9oZ3bW2ejY6YZR88c5KMP2v21fFnPPiJZ8zxgdWie5D07PwuVh1QPZf-JhsFb0W-YaKaiMriLy"}{"\u7ec8\u4e8e\u627e\u5230\u4f60 \u6b66\u6c49\u65b0\u51a0\u80ba\u708e": "http://www.baidu.com/link?url=Hfx-FhfdpjzGHgKNLj0cwNUklbA4YxnB4saeepCciOU2ZjogQy-G9dkB8ChJ84BTR7FGUfNqZl1e-OyVc4OCAMNAUjSaWnACwN4j-tL6BMSqerhF1wx17aBK5wtLCW2S"}{"\u6d77\u5357:\u9996\u4f4d\u65b0\u51a0\u80ba\u708e": "http://www.baidu.com/link?url=MRXiFczYiU5Rr3IrGingLHpHqlDEX1dwyxJtzF79_CYTQH1_iwwpw50ZxDiUF7KqD7Ql-dyTXyLFMnQR4zzfB0tpUOI5-mbGz1VpCVVUMK7"}{"98\u5c81\u5929\u6587\u5b66\u6cf0\u6597\u97e9\u5929\u8291\u611f\u67d3\u65b0\u51a0\u80ba\u708e\u75c5\u5371 \u5b59\u5973\u53d1\u6587\u6025\u5bfb": "http://www.baidu.com/link?url=TudmG8JAIeDK7sgdOgzjd2vbjSypYQkyobwWlbgEKX7l5H5cmO8glbRbCnC0U9I5QWzyCdm58sE83uWYClrroK"}{"5\u540d\u65b0\u51a0\u80ba\u708e": "http://www.baidu.com/link?url=1sbqN3PVll721ULYtyDybOCcKC1czz8xUqAPYpi3elI-LFO4SQz110B1TzX931PJxp5XqjM_XoyQbbSirlS1MOiBK-SpIDC-pTBA1f70__i"}