{"\u5eb7\u590d\u8005": "http://www.baidu.com/link?url=0E3HdZaqK8HAginDnGg_AJjCiczKiNb74zoNcvMl1-vhLEzrltQiV3PMhS-ieT5kjezBJdQOTHnxWMIKDBquiK"}{"\u89c6\u9891|": "http://www.baidu.com/link?url=WgeDGy05F47p3uk1gl6eqBBTuabiVU972CmwISnqaoL_CzWAF3PZqLOiumhPe7JEip7I_rVnAYwdv1AukzDvydVZN9zA2pbrkPIPOe-HbUb8Tb-ogqQA1dTf1gVwJZcFL0cZ2W3VLbd4ciuFEBpIaGDQnUEI6nfM-1ZevBSYw1a"}{"\u6572\u91cd\u70b9!\u65b0\u51a0\u80ba\u708e": "http://www.baidu.com/link?url=fJKL_Eo5hdGojfBzE-Nd_hEGpb-91xcuZYTyjNct-MBhYPQ0jMjqxHGEiQXR92e6E_fdu_tO5pYSG7bqEBSR7a"}{"\u6b66\u6c49\u65e5\u8bb0:": "http://www.baidu.com/link?url=IdjXmFLNLV0wmuW0A6qjNOS51qiriHahKWElJ1knR9lRcFOeItNIJjDIbP8Sr-5PkQbhApNhlsibdOBOOpn5Y6Cw4k-dbfBvbBZ9nJ3_8Ui"}{"\u70b9\u8d5e!": "http://www.baidu.com/link?url=9fHsJym-KtEDWhIPOZAuUYR7fDicuALGZc64YHi09ZiYOEXxY9sTUnykUFxCDg-qhBW9Z2_XXSskJJWLx77zcq"}{"\u65b0\u51a0\u80ba\u708e": "http://www.baidu.com/link?url=gO7UsA_Q5oAGHPW8WiI5DwnHH4wbW_6WHcGJJk2-SrfoNY_Yx04A-eRZ4Sk8YoHctgOWkF-81lXoS9W6uciXvK"}{"\u4e0d\u5e94\u6b67\u89c6\u65b0\u51a0\u80ba\u708e": "http://www.baidu.com/link?url=SmAnTp1_ngMzTvmgXoSfz4YyykR5GORF5TXYSirMFErmmdthAsAEZOK0n53oXDYtbUIVkiG0NWkSvdKZk1voO-Lg2T9M4JXtmqpf7p4GOY3"}{"\u5e7f\u5dde13\u4f8b": "http://www.baidu.com/link?url=UZyzC68VNW81a6VcFLyFciw76py9xgYVhRhPiInvEtznozk0S_GSDPnRWUhoNMWxgiNLeLdznn7SNyOnmzGpXbZLXDvbP2JnubnSYQDuxKu"}{"\u536b\u5065\u59d4:\u63a8\u8fdb": "http://www.baidu.com/link?url=6WpJmmMPtYecD_H2r1EXz0KxGFRQ2Nh8tEh7pIZXs8Da00lOr-cUMCPeejJQt2EzgOXDqY0a3ro2_lSz7osnJIGsqtyHepy9ZI2tWcquEYS"}