{"\u9655\u897f26\u5c81\u6350\u732e\u8840\u6d46": "http://www.baidu.com/link?url=VwWzvqfVlFv8gr95KVUC3uSMqdcg-Wli7B6cBBPeX3WYNoLAanLFtQA1oGhXO_02TDRyvDaH7JyICUKTiA95ga"}{"\u65b0\u7248\u8bca\u7597\u65b9\u6848\u589e\u52a0": "http://www.baidu.com/link?url=t-0eA8AGGRWQ_MQpHfqZxITg9NYHqOzWyq7XKO-HnGORJgRbzWRr-4M6-M8YXOH5J76I2H_oIt9BDBUs9_GF7K"}{"\u5bb6\u91cc6\u4eba\u65e0\u4e00\u611f\u67d3!00\u540e": "http://www.baidu.com/link?url=fJ5P3mDdJxPJPBMMaMXI6r3ZdWEQtBEvvgY90t8bsUhgSmNReH63IiKzxBT-6AML"}{"\u3010\u4e00\u70b9\u8d44\u8baf\u3011\u7b2c\u516d\u7248\u8bca\u7597\u65b9\u6848:\u589e\u52a0\u201c": "http://www.baidu.com/link?url=fvGSBq5NeKyy7mgnEN4MdhlkW_CcVZlbwXwPzPLhizbaNAYaDCPN99aVQS59vv0YeorrqzLBUAZxVXe0xLFq9a"}{"\u56fd\u5bb6\u536b\u5065\u59d4:\u7b2c\u516d\u7248\u8bca\u7597\u65b9\u6848\u589e\u52a0\u201c": "http://www.baidu.com/link?url=lDQoUNvSrkL7mBRl7GeO6bzpKmuYXktCqdX1LoXZ3ztCOtr1YC8UWlB3Zfoenz1gWL-UNX6yDelsgGBgJAQYlvB_GD1qzGEYJB8iku0LjRy"}{"\u957f\u6c99\u3001\u682a\u6d32\u3001\u90b5\u9633\u591a\u540d": "http://www.baidu.com/link?url=UkY-EUKUQfNW_MQURl6LyMOudU_wBl6aOmgJKy2kSZZ3XDkug-tL2ehqObDclRuyISwkimHnRyjvl26qtxa-PPjgfydaYXWxb-tzWmu6nDe"}{"\u90d1\u5dde\u9996\u4f8b\u65b0\u51a0\u80ba\u708e": "http://www.baidu.com/link?url=gO7UsA_Q5oAGHPW8WiI5Dvq1I9e5DdXplE8cBbviXUJ6VOY-bSwo6cO82bbNWiB2LSCXFzJQ9lCefcHn2txR4_"}{"\u90b5\u9633\u9996\u6b21\u6210\u529f\u91c7\u96c6\u65b0\u51a0\u80ba\u708e": "http://www.baidu.com/link?url=5X4KQw4LvRHS2fkucxppGKixggP3R-umcvc3pkuBhNYIvtZAmdGnSMHmDq_44JO0pOG2EMnJgK9_TmcVmCzFD_"}{"CHTV l ": "http://www.baidu.com/link?url=ZemlDz4eMoKZC1Dn3NN4Ke0waRZVS6cZsU7dlYYz-xpdd9-DDpLFNu9zRAR20IOksSq7WIQhMoN4RIL3t-twiK"}{"\u6c55\u5934:": "http://www.baidu.com/link?url=f1LRRhY8xEyT_7ilq3PoTh3QiIHqVGyezERE3B6ZqMLCrGQ56_eBENmiAiU-0YvzN-zcWPhXyguxIT_VW-6QqqrkrKEJiU5Ekk4av8fj97i"}