{"\u65b0\u7248\u8840\u6d46\u4e34\u5e8a\u6cbb\u7597\u65b9\u6848\u53d1\u5e03:": "http://www.baidu.com/link?url=VtxRhsJ7RQCpUub76Ms5OwdIjUyeqVlKIBF47dulhsdyYdrJhzne-Pzj08AhNutu"}{"\u300a\u65b0\u51a0\u80ba\u708e": "http://www.baidu.com/link?url=IL6nmjCBUsUgpgDqH8NQw8TYmQoEr6RK7BfwYIfTRAvReZwRft6qOughBxxb0Qji3d4V7R-l-_tVBf0Qh_0WpYWScoluSKK47aUXYwoRHJzMzwhonyuABStl4ICzdYLx"}{"\u8d85\u8fc7100\u540d": "http://www.baidu.com/link?url=lzCNWbivreFnmP6z4KA-CD6HLttwR7WFYGw0hQrruuroJQNEqbdkFx5sgdni1bO84Bo6al0e1OQS1F4KW_xV7q"}{"\u3010\u56fd\u5bb6\u536b\u5065\u59d4\u5370\u53d1\u300a\u65b0\u51a0\u80ba\u708e": "http://www.baidu.com/link?url=nwT0t2FpNMOFEGYhsS4NNF5bDaEj7qME18dUjLxkRRdsd98SpfPssjXwegpEquHK"}{"\u4e24\u540d\u65b0\u51a0\u80ba\u708e": "http://www.baidu.com/link?url=GyjAJOGeL3JDoZmgJOa3UWj9Jgh6eSqv3WG9n7TCrfwkLVE-kMYi7-73MogJ_YVfSJwc6W15WVsbS6YXzfxR5Y0TWBEaVwD4GqbPpomg0Sm"}{"\u70ed\u8840\u76f8\u805a!\u201c\u732e\u8840\u7fa4\u201d\u91cc10\u540d\u65b0\u51a0\u80ba\u708e": "http://www.baidu.com/link?url=Hfx-FhfdpjzGHgKNLj0cwP4PsWR4Cd_MyZjwgbMZZmxugDFnx726A2qVYuruYTTp-zX8SG66_8P0wa14ku-tga"}{"\u5b81\u6ce2\u7d2f\u8ba16\u4f4d\u65b0\u51a0\u80ba\u708e": "http://www.baidu.com/link?url=41YnDz_ckWHi8UTojWz4oCGduJk83jFXDjIuLb31HmWSNllcvwgEV3SIvEtOkNKdZRhXh7K9ilipNDler7Gy_hHhgu8RU45qLEEvxfPQZPe"}{"\u5b5d\u611f\u5b9e\u65bd\u9996\u4f8b\u65b0\u51a0\u80ba\u708e": "http://www.baidu.com/link?url=YYoOLSXJXaBozp1Dc8CnGYFZ4iKUVbFvwOYXtTg73gIlzsSc4Pchd5JZmSHkJFKd"}{"\u6b66\u9686\u65b0\u51a0\u80ba\u708e": "http://www.baidu.com/link?url=m01fvtXSwVd_Mt6OhY6PF-TIUKQLh6Qy2nQ-WcWnooZa3-9GNKl7-HMpNSkENQdcPXquDrzDnhAY23zHJ5mOJa6vx7-Jta39A3gzrUDTXyi"}{"\u7231\u5fc3\u7684\u547c\u5524:": "http://www.baidu.com/link?url=4MwHZvoybG1EwCcrVVklYPVKaiVJtjUXHNHSSxt2OhF6tslL85MZqjhfZJ3hwhH5lXI6cC5urWvUtyIssB9f4K"}