{"\u3010\u6cb3\u5317\u65b0\u51a0\u80ba\u708e": "http://www.baidu.com/link?url=BIMCiQ4BNhQX7Mt0nY_KF-716wMgvwsMenvcmnenzpXmj-cIWSrSKMk16kw7Briy"}{"\u5eb7\u590d\u8005": "http://www.baidu.com/link?url=qhBt8lmKCNfTHOrxNfBMYwpxTMm4XYtD-rte8WGKDOH9x2MVw-pKWRGUSQ85fiHM"}{"...\u65e0\u60c5,\u542f\u7ef4\u6709\u7231 \u2014\u2014\u542f\u7ef4\u5fc3\u667a\u793e\u5de5\u4e3a\u7cbe\u795e": "http://www.baidu.com/link?url=HO5CwSr-lKsYEvD7c9ldZZem8-gGCq_QzOEHUdRsaYNjY9D6sC05oHyDxB0s4gDkhGLkeo32S07z38zISEOb5a"}{"\u4e3a\u4ec0\u4e48\u547c\u5401": "http://www.baidu.com/link?url=57aywD0Q6WTnl7XKbIHuE8b-omKc3ap2x5EsTpVbV6AJXMGG43mcnfxHVzZoTQrF_7b4tHfWObnewKsyo7UbMa"}{"\u7528": "http://www.baidu.com/link?url=a4kzTelMdh1ogzeim4EDvXkO8fS-LQmk5CqwajiDIAR-__GttcXFfeai0m5RohQy"}{"\u6cb3\u5357\u9996\u4f8b!\u90d1\u5927\u4e00\u9644\u9662\u6210\u529f\u5e94\u7528": "http://www.baidu.com/link?url=JDjNLlJCCaCiJedho4_uWP6aAkxb01BjflagE6wB9WntxK2ZCTRUFq8Aeb3RzdYX9I0XYhKHbKPq7Lnz5rKQyWGSCWiJouOSqJr0fmelb95SFh4Xm1GTcwrVPR2C8kTh"}{"\u81f4\u65b0\u51a0\u80ba\u708e": "http://www.baidu.com/link?url=kbr1jA9aXQKa5MrL92WWg_qSoiFfOSXtooa4PTRh4jxm8FdCAkYgxpoK_SXbjQlLAl2f37tJk_BafUkxHvfPZK4ZSfFcPonu1tcJviteTu7"}{"\u5eb7\u590d\u8005": "http://www.baidu.com/link?url=GgsjWs2f0U1opEjaue4n8ojFgtRP2vjMWjV1oxcZjZE3Mjd2rdTQ130vhGJj-pYFPNLsn5NepMr_B67xhOIeG9Tbf4cfi_jmBCa94RGSV9S"}{"\u3010\u6cb3\u5357\u9996\u4f8b\u3011\u90d1\u5927\u4e00\u9644\u9662\u6210\u529f\u5e94\u7528": "http://www.baidu.com/link?url=jci62dV7eHHVoCJHvOZLcSv4UGYPYO7KxvCILXxQ74Pb4yBHVnOdkAKl1MmYP5iYwPJQuSSb2LX1kpotfTAT3UKNqXC1ecQGFVkG7QVG1upesJImJxG04FoCM89icPNbkW_dm0TF03aOprm-PIZ9RK"}{"\u4eca\u5929,\u6211\u5e023\u540d": "http://www.baidu.com/link?url=8g1J3ZPGPcTIsqGHAaRMSozdtR965uBswu1X1y_MpRP9AOaITabt1m48-alGJrNvadEfbg0r3hqZSRdDE8J8Dq"}