{"\u5b81\u590f\u9996\u6b21!\u7528\u65b0\u51a0\u80ba\u708e": "http://www.baidu.com/link?url=XbGvGWQzBfqyuUW7ZIHzZE3scUFZoVCU1efyvXqP7iOfrSpfUndrVEf0BhWZD50IgorTA0mvV1hPxIPb43vNEq"}{"...\u5176\u4ed6\u60a3\u8005,\u8840\u6d46\u80fd\u8d77\u591a\u5927\u4f5c\u7528?\u53ef\u4ee5\u7528": "http://www.baidu.com/link?url=OQBOJ6uxvukE-UmSvQJAMagYET3Mv81HoyV4nmvft2tR9Lp_1vHBm4lDJrV2r2WbM2c79TMJlcWJuu2x_N_ClK"}{"\u56db\u5ddd\u53d1\u73b0": "http://www.baidu.com/link?url=ofWdsK_Ccksof0zR-O_7UW2KisZAN8QxfCMVnNR-9YpYBvNgZezWTgG3G8nFjthc"}{"...\u5b59\u5973\u53d1\u6587\u6025\u5bfb": "http://www.baidu.com/link?url=NFmQr8su4zBFCCbXvUgrEgpAyGXdsbopSUiC_zyZsySlVmNoVZ14vCW9Kthfr77pDkkmFVlucLfkp54tCKzwta"}{"\u201c\u6211\u7528\u8fd9\u79cd\u65b9\u5f0f\u5411\u767d\u8863\u6218\u58eb\u8868\u8fbe\u8c22\u610f!\u201d \u798f\u5efa\u9996\u4f4d\u65b0\u51a0\u80ba\u708e": "http://www.baidu.com/link?url=57aywD0Q6WTnl7XKbIHuEzg3thMUswU0N7WVgfgfFanz6eEyjhUMjxrHS3e66GKU4jyO4GWxyFoeOpWeKeGRWa"}{"\u70b9\u8d5e!\u5c71\u4e1c\u65b0\u51a0\u80ba\u708e": "http://www.baidu.com/link?url=QJwIL5z2zfcoHK1VnR61tY0EeFWotAcU-Gg4xbMWO_OJ77MiyNsvcx9-iPo7JEoo9aarQatnrZn6KjQYngGl6a"}{"\u201c\u6062\u590d\u671f\u8840\u6d46\u201d\u6350\u732e\u8005:\u4f20\u9012\u5e78\u8fd0 \u505a\u61c2\u5f97\u611f\u6069\u7684\u4eba_\u5609\u7965\u7f51_\u4e00\u89c8\u5929\u4e0b\u4e8b": "http://www.baidu.com/link?url=Ss2xnmOuK40pIebxThmh7HK5gILjLC9GQ-l1A-6eIe9Ytgo2BdQBH__Gn0VcL-yqCz2MQMsyqoGq7AJKfU67aa"}{"\u6211\u533a\u5bf9\u65b0\u51a0\u80ba\u708e": "http://www.baidu.com/link?url=amQShcMHRRD5rRXRzBy1ceeMe5unl5Hs1RCUomuljgqb3A7jjXL2c0vHXkW8UYROUd2FfUBktWU19OgM2SrJOQqZAswXbjgK4mpSFxOLP8K"}{"\u7279\u6b8a\u5fd7\u613f\u8005\u4f20\u9012\u6218\u201c\u75ab\u201d\u6b63\u80fd\u91cf---\u4e2d\u56fd\u6587\u660e\u7f51": "http://www.baidu.com/link?url=4-x4X0kXuyT7V4Lx-G_S0Y7EFlD7mZF67tjN4MKlkrpEvKF_41RY17m-BluiWGAMOtch3-bWmjBMKLCr9HBQP8XuIUnLLMa7sozYWHfG5Ge"}{"3\u540d": "http://www.baidu.com/link?url=Q072eoAB-07LJzjTouDsYumw2DUhHzG4Ni8SJw_2Ix_jo3d6IVpu1zAkGupusC-xD6NcueLX-NA36ETiAKWOze25lx9ONBHZg47vkbqeyu7"}