{"\u5eb7\u590d\u8005": "http://www.baidu.com/link?url=fcMw4gFRLu0diikcBH-OZI29tKYi0WyONxz9yhuIvoC1H2Z_vWwXeoA2FpW-hvv7hpmF6QAkULsKum7SPlCZr_"}{"\u5eb7\u590d\u8005": "http://www.baidu.com/link?url=WqEcxIDjsNr5j4ZpuL37Pd5OLBs4NHmqfRgNiSoXtXb9q9IRoT37LcfZRGhizKLBQiCw2HxRwyglvpQwnj08pxAd8BDsg7rg2Oo-Oj5TcfO"}{"\u5eb7\u590d\u8005": "http://www.baidu.com/link?url=65wyiidY0GzoIxiCYzu3VsmY4Q0EYXBNWVxiZK2fP_vBx6PhiMmkHKIhnsmn6AkqAkn31kSrSQrIsvBslX_4-VMMij3pCjvp2aafBSUJSCa"}{"\u3010\u4e00\u70b9\u8d44\u8baf\u3011": "http://www.baidu.com/link?url=ws6cxNIhWmVA1gbrUgFMRzGrqG8FyBPwpiPliz1cDLo_ruxRnW6kNkxDSr73XW7XGMtHi7FmAGvpG1DT3wX70a"}{"\u75ab\u60c5\u662f\u5426\u6bd4SARS\u4e25\u91cd?": "http://www.baidu.com/link?url=YYoOLSXJXaBozp1Dc8CnGKO0heJpQ3g2dvLhR341NhMpzceUnJtYgQGXrPtr5FhY"}{"\u6b66\u6c49\u91d1\u94f6\u6f6d\u533b\u9662\u6297\u75ab\u4e00\u6574\u6708,82\u5c81\u6700\u5e74\u957f": "http://www.baidu.com/link?url=N1d5XanWPGHXtap93uZsWlX3Vjp_xQbKQF5uDjIwUFszCzcoSKO6_osd-SBTXX70wIIjRtoFhEZ_CSROh3e9ra"}{"\u65b0\u578b\u80ba\u708e\u662f\u5426\u4f1a\u4e8c\u6b21\u4f20\u67d3?\u4ea7\u751f\u6297\u4f53\u7684": "http://www.baidu.com/link?url=dWldQ-lSB3B7gTyiBN8jfyd4GIzciITcMs4wRDkPvwkhR-6tB8bwK2c9SI6wL1ItimyLCgZUUN7wqEg12tes4a"}{"\u6b66\u6c49\u65b0\u51a0\u80ba\u708e": "http://www.baidu.com/link?url=M_xIq7Q-KKSoUF1Df0FcpxaChmHdhxtJNK1aeah2NZQqFMhKjkMQMWq4oiwiqqBAmo_FuH7JGwkaDxNfSLLuOa"}{"\u5eb7\u590d\u8005": "http://www.baidu.com/link?url=rEG1G0DON6OJ-_VOyg2u6TFCNupTvN4jLpag7jw1TUW8AzjESW1U7NUzJbW4llVDPSV0yKl3_1tvSvQraxKbn-uLyOezvDX4nqAlVqCer4K"}{"\u5eb7\u590d\u8005": "http://www.baidu.com/link?url=o7_T6sbwZwGoFBxEHb050b-nV0yRYtsUM4Z7agh_6OrtlX3xLolkDqas6ENPEFfp3SwKwF7GJQV2DYEhNdP6fa"}