{"\u56db\u5ddd\u51fa\u73b0": "http://www.baidu.com/link?url=gO7UsA_Q5oAGHPW8WiI5D9FtbPyThBgrW9M-h-dT3vW-W4nEDfJ4da2wuPjAmGK_tXkL-rzfb9kvKEZbDKJjEDDDdx4tpblwPG3wpjKDDoC"}{"\u4e3a\u4ec0\u4e48\u547c\u5401": "http://www.baidu.com/link?url=l9lX_dgOoXtMNCWLAyFrqaipBuyRYKjCthvKkqZpXFsW_c-gVqhJwWKkituSD1rwj8KqIaiJG6qRIo4SMMpuv_"}{"\u5eb7\u590d\u8005": "http://www.baidu.com/link?url=dp8FyHfUpdZCAOTwyUCa2AktM7g5BI_r3M9aM-tdTvbN5D6IZuLLkjoFbtuGWBHsELAOlEvEKtrxZqTga_VxoWBOgwaXqGwbYXQa7_-shNi"}{"\u5bbf\u8fc1\u9996\u4f4d,\u65b0\u51a0\u80ba\u708e": "http://www.baidu.com/link?url=sI93Hybg5mDXoou7FSLoEGNe7iri5HTQWZr8AzI8SD-vKL8IyVBI58stspwJ-QFr"}{"\u4e3a\u4ec0\u4e48\u547c\u5401": "http://www.baidu.com/link?url=tq8smb68sClgkjqEt6zm10Wk9AbVh80hnkfIK9IWMRB-1xFzzlWJLRSIIqYZZuxDX7WywXs_Dc6m3aEehWwBJq"}{"\u6d59\u6c5f\u591a\u4f4d\u65b0\u51a0\u80ba\u708e": "http://www.baidu.com/link?url=-DWD4yAML4SIwI9Q2R6M8D_UVv9wvpkLDTma2uyVzHcYfSG9_nD3xKLZd78vnUfUhBss5s24Cnu9E6bfQU9pla"}{"\u6cb3\u5317\u5f20\u5bb6\u53e3\u65b0\u51a0\u80ba\u708e": "http://www.baidu.com/link?url=84itz7O74vvBOTHN7ajEXKr03DYpjRtvbiOmgNPcDPV_59p3QXLdtIsxtr3nNLQGKq5kj33i2M9mYZnCyWyWZ_"}{"\u6d77\u53572\u540d": "http://www.baidu.com/link?url=jXqeD6vZb57ij4cwyvXj1a5ewXFyZi-ZAD0ATe6DneIcBkpF13na1bEy4_DU1Y6GR-ENbMcK24bcmXz-4VeEUa"}{"\u5357\u4eac\u9996\u6279!2\u540d": "http://www.baidu.com/link?url=BsQRRAbf0w9koMfOb_-9e0dyol9ibO_6Ipvgqbi_70nuqgvRrryrSjje9IpIkSPGlvgARvtZ5wEsFzngkYXyF38BJNYZQOnj4BWrprfdDH3"}{"\u5357\u4eac\u9996\u6b21,\u4e24\u65b0\u51a0\u80ba\u708e": "http://www.baidu.com/link?url=d5c9GIyumX_xxMrwPYWlHalH0Uu5ICpOlSlUjG3au_rEN8UcRjERcXJxB5Cfcof6nb48OweFIVBj89iBmFpznlFYZ8YGgJ5Asdm168i-UYW"}