{"\u89c6\u9891\u4e28": "http://www.baidu.com/link?url=fpxKP3QHATMM24-zB1zYsH_T8BwH9Yx-sF0UlewVNUVUoO97coyk07GckmD8ykdVWeVdgep2kqNkFGIG1GOU9qhQzv-RdxOeLdmCO2DqH_987Ps9tKC6ztCI4MPca1SOx7C2SgM3M_Ri3vMZUB0XD_"}{"\u81f4\u65b0\u51a0\u80ba\u708e": "http://www.baidu.com/link?url=EAwsrTWcL6pVXvqZ2V_QaJdXpkVQVAKmIGLluSPEOSIL-OOMDFYHivLK8aGEbsaczsAICK_7Xu8HVuyrnUxgGK"}{"\u90b5\u9633\u53c8\u67092\u540d\u65b0\u51a0\u80ba\u708e": "http://www.baidu.com/link?url=fJKL_Eo5hdGojfBzE-Nd_jcKcEUL7wDDgNVToNtk7j2eUlEuaZLJ6sqn_vP_usdDAtn3i013CkXAPQlrYVVM6a"}{"\u4e0d\u662f\u6240\u6709": "http://www.baidu.com/link?url=dbmuA4V8vr2QgHh8bl8oIAEhvqD_O4su3XpfdyQZZigBxry3ZmnN0-Qnzv70Ui8H0KE6r7X-1Q6nc-QuicvSGEjVxF3lF31dwfdrUTvO3hm"}{"\u90d1\u5dde\u5e02\u5df2\u6709\u4e5d\u4f4d": "http://www.baidu.com/link?url=wlh4iENQgasUZiwdbM7DdUZwtwk3N0e0nB_KCaK0EyiTa6cIguSiDQ627Y_GZlLyVX6SKCLt58pLrRJhppZ-0q"}{"\u8bb0\u8005\u91c7\u8bbf\u65b0\u51a0\u80ba\u708e": "http://www.baidu.com/link?url=gO7UsA_Q5oAGHPW8WiI5Dsjh1WDTIBk2da_aEeElhSuX45T0_6VnLJdg8RQvWsYk3Ud9xf9KOatcxY96o-niOW-JWWRSmX4vnm56N4jrq_y"}{"\u888b\u65b0\u51a0\u80ba\u708e": "http://www.baidu.com/link?url=yjDegGfXIHWT0Ld2GDyjdtPwixUW4sozV36EIe7b9kHPCUhmHWt8BgPfTKId6LwLCi1ePP2mfzBGncoNCuwPyq"}{"\u597d\u6d88\u606f!\u5168\u7701\u9996\u4f8b\u65b0\u51a0\u80ba\u708e": "http://www.baidu.com/link?url=ULh6pIgi0HnmdO7Y7pUZR9KlY3B8e2J08rHaNcVTCL53BpRh-1AHSBpE1Q5CZ8ns15qC4RY6iUJdsFSLH-TFma"}{"\u5b9d\u9e21\u81ea\u4e3b\u5b8c\u6210\u9996\u4f8b\u65b0\u51a0\u80ba\u708e": "http://www.baidu.com/link?url=YYoOLSXJXaBozp1Dc8CnGN3Vf-2A7VJrshZA5Nc3d4Hn9w3dBpeDNm9w9eTFtfPA"}{"\u5b9d\u9e21\u81ea\u4e3b\u5b8c\u6210\u9996\u4f8b\u65b0\u51a0\u80ba\u708e": "http://www.baidu.com/link?url=6tKHANfJJraAoDukewol8DAoPbkRcXgYhJIcBRYAFwpx_A_9sCXQuwibmv49rO9u"}