{"\u7814\u7a76\u8868\u660e\u65b0\u51a0\u75c5\u6bd2\u80fd\u5728": "http://www.baidu.com/link?url=RpPDdOFAs4yCsORxkedfZ7luDU0vtXvipYIS-dA40a7oDMTzY2agvoEFMTDabl8tp_5porblNEqCUTdws7iwna"}{"\u5168\u5e02\u5df2\u670910\u4f4d": "http://www.baidu.com/link?url=THwu2HlgryqzrwX30fIxXo8KtfiJiD9upIcOZ-rOwCsQU92Ta4FOQqfEJhOYtLiN7gCd3YOROX32Joa2hQROMQ4c7vKn6kGUZNTxC-yWTcy"}{"\u65b0\u51a0\u75c5\u6bd2\u5728": "http://www.baidu.com/link?url=tq6SZ64kwzh1YUngXIYytskBGztohZhobJ8pF1IUmChb0jn6ysRVv41qcY4L9ODiuL3uPqPUopFVdlpBFg4kma"}{"\u6b66\u6c49\u9996\u4f4d\u518d\u6350\u8840\u6d46\u8005:\u75ab\u60c5\u9700\u8981\u6211\u4f1a\u4e00\u76f4\u6350\u732e\u4e0b\u53bb_YNET.com\u5317\u9752\u7f51": "http://www.baidu.com/link?url=ikLC1j3LRh3UxLCGXknS5oE3aOEtLD3X9ffP0R9pV7Bl_CazJJuXgBPKHALVMBWbavFIq9kLxj4SGHKozJ0s9q"}{"5\u540d\u65b0\u51a0\u80ba\u708e": "http://www.baidu.com/link?url=rjTpgObkE862eTS0u0f05gzFxbkvN38UiXQ_hzTGzKRdg0ddVPdK8Y_3Z36OcTwEtYvS0nrUy2h1zS39fjF3_a"}{"\u56fd\u5bb6\u536b\u5065\u59d4\u7b49\u90e8\u95e8\u5021\u8bae": "http://www.baidu.com/link?url=d4-EnQQaaztW1opW8oqFFpqCs7G4bI2aj_JjU3HtnhElr3FyJTDQAryPAz_c8e2fYVkBcw8BbHxCf3PVpME_a_"}{"\u300a\u65b0\u51a0\u80ba\u708e": "http://www.baidu.com/link?url=-mj-2dr0wJpon4MVjWtwQXOSyNl9i8Zf6lGVSnzWJQmn45l6xn8JoxYgI8K7DEHhCB36j5_hSc3ZgZCH0Ym6n9m0n4WIQZNV2V6uLxpWb2e"}{"\u5eb7\u590d\u8005": "http://www.baidu.com/link?url=G3gV-Vkhsnc0fVbr72mJ_rscreoMdXEklV-qXvYb_N8BGQEAv-lDN2dO6d3WyH8vTuOaf4y-FsVkYba8shuNlKoZYRLbdrvTfwxTcE7xJYS"}{"\u56fd\u4f01\u63a8\u8fdb\u75ab\u60c5\u9632\u63a7\u3001": "http://www.baidu.com/link?url=o2Dguu1emk2he4g9VEWR_WScTyp4wJPKE5C6gvckyRv9OOljOM7udusfj_275XU0DFbjMMGwY_s4aNiNCKgccX7ZIbgvFCrMQcHtxWdcXlu"}{"\u6297\u201c\u75ab\u201d\u8840\u6d46,\u8ba9\u7231\u56de\u6d41!\u957f\u6cbb\u4e24\u540d\u65b0\u51a0\u80ba\u708e": "http://www.baidu.com/link?url=u_Uyy9RBkjWB8vQ3nXPfMireuMIdRqonw608HEY1knTuHRIV8PZmIaUpMObZp9jg5eD_L97jir1m0yUZxfe8tpLxxMCRPxFU_s2Y3pnHHfghg9vEo2hjEpq5-EeqtyKoFc0Z6BNCs5W7j7HpYgHxClSjiqS6SF2I3cWHC6iFOVu"}