{"\u75be\u63a7\u4e13\u5bb6\u89e3\u91ca\u5982\u4f55\u5224\u5b9a": "http://www.baidu.com/link?url=3wTLZ81FmCekf9OGabwxwXfZEwN4LRQN58AOJgXvktd6Ge5PKYgVRrrIGn1R7SzfM4VLPYwgXKZXsS5MwhfohVfv7QDltVdVDnI_usQf7aC"}{"\u5bc6\u5207\u63a5\u89e6\u8005": "http://www.baidu.com/link?url=aHSMNwo0Tdp3JnqATJM-YF_ihRXm-RqzSWTB_ZeKM-ABOM95lhDEJQ_jeoF73NT4Nh-xmhjmvDZNwQxNzPOYyLNJQ-2-Lqi45zGGgNmos8fBYAxK-vmUR2rWfJbQsjqR9iqRtLZRB6hjqu6MH-rF4De1g8JG0gkUdrJrTFV4wgau5iQdqsgD5pGR9FxTRSuq"}{"\u5317\u4eac131\u540d": "http://www.baidu.com/link?url=dwgUxRjF7frCEQpBWzaRMAkEat5jhpzdFKSRsbhD_smRiPeqb_NB53f7cmC7JoNYVF-zxlDC55uy9vm3VMgPjVaOSOHxDw6lyCfuJJAzCiZhnlu7fH3IxPoVixy-BfEs"}{"\u978b\u5e95\u9700\u8981\u6d88\u6bd2\u5417?\u5982\u4f55\u5224\u5b9a": "http://www.baidu.com/link?url=kU9LEXAO10YOXHP0nBjO2U4_HiseWarXRluyAMZhCqH9lvfPU1arp-NrtIoDIOI2ucfigOweJOUYtoqQnZsxmK"}{"\u6211\u662f\u65b0\u51a0\u80ba\u708e\u7684": "http://www.baidu.com/link?url=IJTk3RzQd-OgP6pQ0mbapK_9oKu-axZUpXllVYQ7l2i6EY8ancshXTMvUEDrkRCQmN7GI2_5AC8sX4xjsFQAjK"}{"\u4ee5\u4e0b\u662f\u5bf9\u4e8e": "http://www.baidu.com/link?url=HePCijLVgjUmJtgFnAw0GEJXwGcG5rviPyct1xluKlotwE3rdU5icLYNNJB5N3A_hCqiRGGoHAEh6b9YW7wuWa"}{"\u5173\u4e8e2\u670815\u65e5\u6211\u5e02\u5904\u7406\u5916\u5730\u534f\u67e5": "http://www.baidu.com/link?url=kHqqy1Sj3imbmx0ckNJJJh02ZTPV3qnqOMIud-pddpO6FNBGQ5toQHvL9YhZWiQ6cGptwZCFoQFU1qzEo1EYDK"}{"\u5b81\u6ce2\u65b0\u589e\u786e\u8bca1\u4f8b,\u8be5\u4f8b\u4f4d\u4e8e\u6d77\u66d9\u96c6\u58eb\u6e2f,\u5df2\u9694\u79bb23\u540d": "http://www.baidu.com/link?url=MMJzLObTDJMyJV6YW7m6OMD7RcYUwqFRO-IWCfJH166FPdtuj3xbweWqCsbYVdnRqYIEkoW3LRcILIp9O9kGBa"}{"\u503c\u5f97\u5b66!\u786e\u8bca\u5c0f\u4f1940\u591a\u4f4d": "http://www.baidu.com/link?url=lbfnRpnl_pz2nfx47aePnS6q5O-FpoOqe-romTpMThMOTdtFBEpC83TuLMG1dJt5Ak911IYFzuaK-7xPPlSrtjTDfrJz27f-gCX01iOdE_y"}{"\u5bc6\u5207\u63a5\u89e6\u8005": "http://www.baidu.com/link?url=v0Z0OqLPzwY9xzBA1mJnPPd-88jcGcgLLyfu_8ruRXmB11V1cwktWHxkMJopRM_QLWrO41QtiapnLOxIQjhZUq"}