{"\u4ec0\u4e48\u662f": "http://www.baidu.com/link?url=J4k5iVxuMuRfY6N_0oUFOgjxEkwmjIijBbay2CO1ApAh4j1srin11PSUuLftAkJI"}{"\u4e34\u6cad\u7f51-\u5173\u4e8e\u7d27\u6025\u5bfb\u627e\u674e\u67d0\u67d0": "http://www.baidu.com/link?url=LpxG111LDF8GBPAu5Wi-nJBdPJb3y1OK4guoaukppcUzrUos98ClEgjfgcEvRFAbQ-uyC7cVTc54ISMgot_CGjuHKGJNoe0IWy0ed7IqbKa"}{"\u89c6\u9891:\u4ec0\u4e48\u53eb\u201c": "http://www.baidu.com/link?url=fLXLpOnJW4iBtpnj8KV6qBNfdUQLyUeQjaHi9dlzbopeIPOukVTXaOw9W-dpork2DYrs0At6oxql_I1KRL0bEH5dSzfxeERiJWGH8xQMv0ZFlwjjEwjLw-occ83xpH_z"}{"...\u4ec0\u4e48\u53eb\u201c": "http://www.baidu.com/link?url=eWupVAMkenXSWj-p2F3Mwg7glXsmUyscwGyGpyF8KQ2LDkUz2TyFKOejY6AZYfM1PknZwIH0ZTNhvQ5gvrcscXGuiif_NqHBzflVBUOsxJ_"}{"\u65b0\u578b\u51a0\u72b6\u75c5\u6bd2\u80ba\u708e\u5224\u5b9a": "http://www.baidu.com/link?url=Uf39f4KL-8ZA2tdJaNTwF8QS4g02X9Pjr7gqcaU_tWy5SHGqz4RsHUGXiro2jI1kRiQuAuzItnxML5qVZF_fnDqXXkJy9HhAc0Ua0HDZB0O"}{"\u7d27\u6025\u5bfb\u627e": "http://www.baidu.com/link?url=hdVXvDDOn4dBmxG12rwWFFOpE8BLish1Yq5khpSRIFm1j27cJ6MyRMvdVbsmHlqHaj7hxLaOP8XtjR3oO6x-g_"}{"(\u9884\u9632\u63a7\u5236\u6307\u5f15\u4e4b\u4e94\u5341\u4e5d)\u5e7f\u5dde\u5e02\u65b0\u578b\u51a0\u72b6\u75c5\u6bd2\u80ba\u708e\u75c5\u4f8b": "http://www.baidu.com/link?url=7rOzEALyTjX5jq7MNdx91fueW1D8nMSE_vThvWnxTB78AkVx6tYAed4zyU2P6QoNvib2VLeWzeCd2QfpAmeTta"}{"\u5173\u4e8e\u4ece\u4e25\u52a0\u5f3a\u7701\u5e02\u786e\u8bca\u75c5\u4f8b\u7684": "http://www.baidu.com/link?url=7LrQ2gMs6ynBU5yUAHmmSL-aEZN98ENkeUPsZFyJJXQrquYRfb9yOSCzvADD37iWeFp2tLf766vD6gjMnnKMM_"}{"...": "http://www.baidu.com/link?url=zrJxFhDr2faEPxuwKyxUXvanON1uX8Y5Yb4aXsx-rt8XSXpgVc3s7ACraJ-WLt95t9ywn2JA3hfJJ42hjWNukeMsKtcoxrQ8v6vafHRLQ2q"}{"\u9042\u5b81\u5168\u9762\u201c\u5e03\u7f51\u201d\u9632\u63a7\u75ab\u60c5\u8513\u5ef6,\u76ee\u524d\u5df2\u7d2f\u8ba1\u8ffd\u8e2a": "http://www.baidu.com/link?url=slhKZeSrwGp3gfZq64u_rwaUFC_fFEve05a1kWBUBu5m5Sbbv1rCslzjEzSfVeHK0wzwjnIsSLen_1xqpevbVhjP6KcpCXZ5ThdO_bvoSfy"}