{"\u4f46\u8fd8\u662f\u4e0d\u80fd\u89e3\u91ca:\u8fd9\u540d\u5458\u5de5\u4f5c\u4e3a": "http://www.baidu.com/link?url=ZRLxQxN5Sa2zS-sDK4aO7-gXbL7-9rtV3nSBbPnM6-KHFvyn-0cCQb3lcKSUhMil"}{"\u3010\u75c5\u4eba\u53d1\u75c5\u524d\u4e24\u5929": "http://www.baidu.com/link?url=LP9COOGoIy9zsHONQwu21Vhaa2Yxe8wWxx2nGcFFD3ss8LVrmGvixd8R_jMEQbUJ"}{"\u4e00\u540d\u57fa\u5c42\u75be\u63a7\u5458\u7684\u6625\u8282:\u6838\u67e5690\u4f8b": "http://www.baidu.com/link?url=avFU8SsJj7QlOxJJyneSim1z_WzXlubDAbagnHluwlUQH9d8tX7lc1Efz1l2XfPVoP6ZcFIaZKEp4ba2wkURlq"}{"\u5317\u5927\u4eba\u6c11\u533b\u9662\u6b63\u5e38\u5f00\u653e,\u6240\u6709": "http://www.baidu.com/link?url=GujZEiaUihCQP699s6lEc081I8S89Qt64Nqk4IRop2oReq5hgRKOarjDUkLf7K77"}{"\u4e00\u4eba\u786e\u8bca\u5168\u5c0f\u533a\u90fd\u7b97": "http://www.baidu.com/link?url=WjMcth_SIKiaKXv01h8h80aUgf30Xr1c6KS5Qc72O1pvsZcRM6OlI5OBKjiOVars"}{"\u5bc6\u5207\u63a5\u89e6\u8005": "http://www.baidu.com/link?url=Glnkze8ey0fy9belOPPqiSD6kNmRlDZof7ty3L_FlnJb4TtTL7jLhogkltIR-OYm6EJvcQT5AwQ5Bjl41gY3a4O7NH7oJO1zjlBGhFx2lri"}{"APP\u8f6f\u4ef6\u5f00\u53d1\u8ffd\u8e2a\u5230": "http://www.baidu.com/link?url=Bbcp70mKA1outI-HNxgpzJC8Zdk_UhGoUPVprlUTFJ37XMoBfALxMU3KUYlPLTe3"}{"\u5fae\u535a": "http://www.baidu.com/link?url=rOP-viPSsO4Qws4HnC_zi7qyuRU2duBw97A5qVWRVBkGLjWaHpO0ByuWBwtMcSux"}{"\u6b66\u6c49\u5e38\u52a1\u526f\u5e02\u957f:\u6b66\u6c49\u7d2f\u8ba1\u767b\u8bb0": "http://www.baidu.com/link?url=d5fGqUILCu0TD6UHanjYcniso1ovo5qEfB_VLUqEru9ksaOlNykagbaDUBjUj0CQRATSpqCYIauUKd9IGirUJK"}{"30\u79d2|\u6b66\u6c49\u767b\u8bb0\u9694\u79bb\u4eba\u6570\u8fbe\u52306\u4e07\u4f59\u4eba ": "http://www.baidu.com/link?url=M8HqNDEtypRfYli3LkmGRexiDwgPSmljx2UW1PvRfe5GZ5zfbScpE0gejPapAwFJ_6tZYIDVf93OeSYN8M-m51VYDprddg_Cns5pUCXDT0_"}