{"\u6700\u65b0:\u978b\u5e95\u9700\u8981\u6d88\u6bd2\u5417?\u5982\u4f55\u5224\u5b9a": "http://www.baidu.com/link?url=7gseOeQ8d7fM7NzlPSqLTmfakKNX1CCUWHgQGZ5tWxc-lzGmzMlOG3yjYOrx7rtX3pv2H30umkL35m_Li6dlHgDs9CORqfHmmN21IGmDKTh7yowVMmA-_uF4HMfOqwdc"}{"\u5929\u6d25\u8fd9\u4e2a\u793e\u533a,\u63a5\u4e8c\u8fde\u4e09\u51fa\u73b0": "http://www.baidu.com/link?url=nEmHnvXjpiVlM7cfqfdYm_BJMWMb9cA8ARaHKwKSP05YMvrXrQH_m-A6NieI-Oy_vwctKDE6uvNgUp1_dWBYjq"}{"04.": "http://www.baidu.com/link?url=6_YZ-4zKtTp6rLpD7CHw85KUPbtL1ayQO0mpYcs2monHD9mjTTJHzeU_nSfgJtEt0KinFnjNQWDf8Tv3Qv4mHK"}{"\u8c61\u5c71\u65e0\u65b0\u589e\u3002\u5168\u53bf": "http://www.baidu.com/link?url=6qaRB0ZZKyz9Lph2XRVtnG8nwTkfWZ9ALOME9Os-7ITahe_9ZjBp-_jnuMsYsx3q0b4S7zHSG3TVJEcxXpDn5NX-t6NjtlUmrT3IEpOANIW"}{"\u5bc6\u5207\u63a5\u89e6\u8005": "http://www.baidu.com/link?url=ITmn7fCTmoozjPs-Mp3eVodeqZeGdP5q0rJmqscdaibern2a5k_rfLfB7FPg4w-nEYHOq-WUkDjk1mNaKbM7dK"}{"\u4e2d\u56fd\u75be\u63a7\u4e2d\u5fc3\u5e94\u6025\u4e2d\u5fc3\u7814\u7a76\u5458\u5411\u59ae\u5a1f\u89e3\u8bfb:\u53d1\u75c5\u524d\u4e24\u5929": "http://www.baidu.com/link?url=7luTJ0Pr97dl7IwIXWqMTzZ8Ag-0XeEQVQRe9557eCFtIOfK6HboxnQfDCH2NBV1e6rqBVGmTfpV2eNGLoBJtmI-3Piaw32otGMxWM0T_9y"}{"30\u79d2|": "http://www.baidu.com/link?url=2n9KP1LVhuf4du81ivPJyxaI2IeXWIrQIZL21voOE3DYZ0pZWsnoUyczdSxfuBCynQykJoxh8GvqvxvR-2lkOV-Yvg14HRxIxOL-lgsfUUW"}{"\u53d1\u75c5\u524d\u4e24\u5929": "http://www.baidu.com/link?url=fq2-M5jiLKMIMcGNz11wt8HfwsUpLaEfUBqD33zEILh7p2HPFasreMndMb23IJ9XBCN_3Fp1EdvLWyBBVcNbhq"}{"\u4eca\u5929,\u535a\u767d": "http://www.baidu.com/link?url=XXEBwLzHOSoeSHP0jMv1pf61DdKnANnKqWHEUqh4skWWhN_H4AggEkIGiGCV9CzBBrXz9C0YZ-eWUxpNiAB7a958creSZewkRxTYPcV1tpS"}{"\u5982\u4f55\u6b63\u786e\u5728\u5bb6\u8fdb\u884c\u81ea\u6211\u9694\u79bb? - \u77e5\u4e4e": "http://www.baidu.com/link?url=hmaq_4v6sadQEgktHgzLiFIQIYOY7P8XdF565UHRkj02psgrF68_YWB6RhtWDuywyN-TppYGTWGd1hI83QiHC-4oqD8RAS1b5yR2Tr7qfy3"}