{"\u5bc6\u5207\u63a5\u89e6\u8005": "http://www.baidu.com/link?url=pWASnR_f16dPv4CN4uliTk1fgtYHpU4OkQ2d21V3CLAeCjr2u3iJ64YZim7nV9ONzZHLx7A2QhviG9CCeMtePTs9tkbFnjQVc7ISevckGuy"}{"\u65b0\u578b\u51a0\u72b6\u75c5\u6bd2\u9632\u62a4\u2014\u2014\u4f55\u4e3a\u201c": "http://www.baidu.com/link?url=7Dv_7lF-Co37A6mVPYWRVZCW4fv4IUHKgEqS_0HA2TdqFHbc9uhpABqaAp7C05ozK1dEEg31DTEUI9mW7U6FfaJh7C95j6wbz62vSol3EOW"}{"\u5173\u4e8e\u65b0\u51a0\u72b6\u75c5\u6bd2\u611f\u67d3\u7684\u80ba\u708e\u75c5\u4f8b": "http://www.baidu.com/link?url=_hOA9qUaGt3ag0TEr5e-JUp1dn4F9rJCGwyUAbwtSoi_kwJdWaVUznMjeOF2m-hKSUESRZihzYcR1fu37pZ03VQwoCgPSZaJPfD1DpG29Qm"}{"\u4f55\u4e3a\u201c": "http://www.baidu.com/link?url=UbE2YE2o3DVJUkR2GI9AgQhq-2LTVOyo3IwfQhlBywU8EfB1Kk3L8huYkX-0-cc0Jap2xxVPmnnFKkOG4rgKRjS9p5d26-tbT-B3qtel6ae"}{"\u65b0\u578b\u51a0\u72b6\u75c5\u6bd2\u611f\u67d3\u7684\u80ba\u708e": "http://www.baidu.com/link?url=F5cvBA6wuQWoJY8H1bm5lGmOrgcPAcib_YsGxSKSDAc9K24_IIYCCWYgzRilapoT8lIa1n4d4_R7s3m9aWN2XrGL77pH8ePo7CQ44Ui8P2W"}{"\u5bc6\u5207\u63a5\u89e6\u8005": "http://www.baidu.com/link?url=6YMOFv1uo5Mig12kmfxdjwKQRH054SgvVaOo-dR8yWAbHi2ZPN9Nug1524vGkvVqxmmtM01CvVlLgGhub-N5aCoSb-6Hn7TUwH7Rv1s0y0a"}{"\u5982\u679c\u4f60\u662f": "http://www.baidu.com/link?url=JAicXaTDP1kGcI_Rmp1aqi7sAc-V-lBlCq0fky6KbALXao0DadsFbNiKC8HvKtcS6VXrzwPlL2UERCmt29lWCq"}{"\u5982\u679c\u4f60\u662f": "http://www.baidu.com/link?url=C8TP4HjI189ySF6xIgYWVxlONk2CC_VBUN5FNhRaPrQNHEOqz5Gth_u_KP5XYPOawqN-OgqJUj60xlIyrEN1JK"}{"\u65b0\u51a0\u75c5\u6bd2\u80ba\u708e": "http://www.baidu.com/link?url=bHKv3Gm5mO0Ls14aGl-cGS-MgkBuEO31CNYdiesrXB9MZE5f_6Mv6zK0v5nvwQvVY8Mqhi1UReOSXNHTvuTO4K"}{"...\u4e2d\u56fd\u75be\u63a7\u4e2d\u5fc3\u63d0\u793a:\u75c5\u4f8b": "http://www.baidu.com/link?url=Y9Q9sErlbnWbultN75hVol7MqdkR48aL5XEL8C3NvGUIsM7W9Elyywal5YxVfJpTEeKgYmq7cbVvU9LObJ0hcPNJ5PC4UJeaKmNjrXxgRLi"}