{"\u4f60\u662f": "http://www.baidu.com/link?url=V3bTN9p2nNHcm4M3GlO24qHUz27K430kZac2g31htKQLwXfCuo0f69Jixkwok6SRF_D0hAN661Kqjx-ot0HAxyMUpJ8BHbfnByHwjaz5ToC"}{"\u75c5\u4f8b": "http://www.baidu.com/link?url=RvyplqtYS-33HSOTeLjXb51zXXNALab3vaXJTmyAROleSZ03I6eznnJhozliIO-y-K225tyf1jDTGKST9xAqK_O-6D10IfP2mfEFRC20WMO"}{"\u901f\u6765!\u662f\u5426\u4e3a": "http://www.baidu.com/link?url=bVpqUX7Ipt5dyn6px_OzMNceZwrTDCu2-bLSYyaigfSian2iSfcMAV1ENKzu3FWlj8CYcipGPweJDsgY5glnH_"}{"\u4ee5\u4e0b\u5173\u4e8e": "http://www.baidu.com/link?url=fvGSBq5NeKyy7mgnEN4MdhlkW_CcVZlbwXwPzPLhizchDvWoBKsyuswIrhWpu5aPsteL6qPwPXFjtB8UQlgdxK"}{"\u4f60\u5bf9\u65b0\u51a0\u80ba\u708e\u7684": "http://www.baidu.com/link?url=aE7u2qQ_AbCUJ4OXtl79JM1ddm_72sJPimHXbVyJY9y9M6wpZlcQe63jIu53G-qPUn2WaJlGvtFmIfezmp7vza"}{"\u9999\u574a\u533a\u7ec7\u5bc6\u201c\u56db\u5f20\u7f51\u201d \u5f3a\u5316\u786e\u8bca\u548c\u7591\u4f3c\u75c5\u4f8b": "http://www.baidu.com/link?url=9W3PLCRV6tOa5Wj6RgzEICmwRStKHbek_vnwZ9rFs0qYXQLE1M0LsLnPaqE3d9Y0n6ShRFE_XL8_ktom5XuECCycu0Jv-8wMGGD4cK0CUiq"}{"\u65b0\u51a0\u80ba\u708e": "http://www.baidu.com/link?url=j1XNg0fyL9bJLc9o2_2i8oI7u4gbYHwG1gz2RTG7NzAq4RjhJSZHTmRhmiXz9yjOLFxw1xvlg0AwmbPcC9OgDKH4G98gpEBQtYDJVE7E6Cu"}{"\u677e\u6eaa\u7b2c\u56db\u4f8b\u786e\u8bca\u60a3\u8005\u6d3b\u52a8\u8f68\u8ff9\u516c\u5e03,\u6025\u5bfb": "http://www.baidu.com/link?url=KI6C0kPU51X4SezQYFSS_vAB_4sc0JqpyU8lnWvFHDEjx8yTwu73tQb9L8E6RxsEtSlUWrucTZRpCsoAu5VPta"}{"\u949f\u5357\u5c71\u9662\u58eb\u79f0\u65b0\u578b\u51a0\u72b6\u75c5\u6bd2\u4f20\u67d3\u6027\u6bd4 SARS \u6700\u5f3a\u65f6\u5f31,\u4e24\u8005\u5bf9\u6bd4\u5982\u4f55...": "http://www.baidu.com/link?url=2W9wrsczSPRBK8vgsrc2G3TLCuF94vB8Ltw9BoNuADFmkSxa9XTWmfJGxDXXfFDbpULa5oSk2h5bMllwWls0w3WGRUJk546zk4o6ejfExzG"}{"\u5947\u95fb\u7096\u7532\u9c7c|(2\u67089\u65e5\u5468\u65e5)|\u4f60\u662f": "http://www.baidu.com/link?url=xL5wfkXaz--jT-YTgHjXBkWAiq4KhgP75vUfC1TvyIpZmYTIh_131eQFwAizYrqnHVoCKdVaC7_OeQ7W2BIo__"}