{"...\u75c5\u4f8b\u65f6\u91c7\u53d6\u4e86\u6709\u6548\u9632\u62a4\u63aa\u65bd\u7684\u533b\u62a4\u4eba\u5458)\u60c5\u51b5\u4e0d\u5c5e\u4e8e": "http://www.baidu.com/link?url=CXQoliaqXki5nnJcstxLvwmP8cW2p0oOdSIz_cneHQhE1UBqSXAf33AmcIb8s-bBk4u4OP3bq2FifrrKsOIqK55m0SUtj_n0IlDmeQOK-iK"}{"\u4e00\u4e2a\u9ad8\u94c1\u201c": "http://www.baidu.com/link?url=co61pNg3lOzKzSqrz37dtMSb0pzdij8DgpvjXF9HFaG2MsdcekxRb3dy5UyAZd7MYFCDdpaaIotFdLMiMT4eCqGf5PYyDQIAivsTT98rEO7"}{"\u5173\u4e8e\u7d27\u6025\u5bfb\u627e": "http://www.baidu.com/link?url=ViRBcksg35XC78PF6Y6LOXl7GRBp8Xeu3RJF0ESBsj2UXwBfMrROpD9tbpmFlk_htmlTqbeASfXx8AhWMZFMRK"}{"\u5949\u8282--\u5173\u4e8e\u8fdb\u4e00\u6b65\u52a0\u5f3a": "http://www.baidu.com/link?url=2_fQun6zQbhngeZ5SmVNSmaN1_Bzcr7oH-hmRlXjkGAnWfknf8z3Ug87ZraAF3uL1xZp4isakNCYVLTBSwCZh_"}{"\u4e0d\u53ef\u5ffd\u7565\u7684\u6570\u5b57:\u6025\u5267\u589e\u52a0\u7684": "http://www.baidu.com/link?url=giY3PT9BCEFiUjWvWfdDnfAYnzOyVnCo7OHuJVqrRLNPm386d26IohreHLWDJnJI"}{"\u540c\u4e8b\u88ab\u786e\u5b9a\u4e3a\u65b0\u578b\u51a0\u72b6\u75c5\u6bd2\u611f\u67d3\u7684\u80ba\u708e\u60a3\u8005\u6216": "http://www.baidu.com/link?url=aeP2EkISecLoGerhMIuMk98s-4KdG7VFuzshWQY4KYO1P6mIuPYvHGbJRKzuW_4s2f8x7pbpOU30j9Chcj6-na"}{"\u5173\u4e8e\u8fdb\u4e00\u6b65\u52a0\u5f3a": "http://www.baidu.com/link?url=CdTPSQ2vmxQFTnCVKmzBhYRTMquwQoEVGg7OvOy9J6M6pFhMDA5lt1bya1k9r5LGFJQVydSsFJR68FREQkmr_K"}{"\u6c5f\u82cf\u7701\u536b\u751f\u5065\u5eb7\u59d4\u300a\u65b0\u578b\u51a0\u72b6\u75c5\u6bd2\u611f\u67d3\u7684\u80ba\u708e": "http://www.baidu.com/link?url=AsJR1aXOx-Xuav9t5tZxAcrbJS7b_QYQN-Xj8lYTw2EoW7J0rlmaLS2iBMZQPBPVPIQJiCLXCRmDOsjKAWBjKK"}{"\u5982\u4f55\u9884\u9632\u65b0\u578b\u80ba\u708e": "http://www.baidu.com/link?url=ws6cxNIhWmVA1gbrUgFMRvDidspvPCDYa1x8cqnlTAcPZ_0zhpecCgohZsvGrGkjE_kAo_LiTDzK8ejOeNQ0gK"}{"\u67f3\u5dde\u5e02\u65b0\u578b\u51a0\u72b6\u75c5\u6bd2\u611f\u67d3\u7684\u80ba\u708e": "http://www.baidu.com/link?url=uRerDPtenHludakEkvkFyKvYdBLlejF13lJH8OGNF9f__cUtLa7L3J4tcjrH1J0GGdO8qgEm0sbli8H2kzT1Dq"}