{"\u8fd9\u6837\u67e5\u51fa": "http://www.baidu.com/link?url=k5yglEtiufLsKHEKzHmCP8OVizfeGsyC-0QeccFUXL0ruMql08-QYHnu6zFthcGq8iVCj-lQqk4HiJ-ekxt3whvMngpk-WFv3imYhB9j7YYjgG-tdD5H6XdVqRpB3C55"}{"\u676d\u5dde\u4e00\u51fa\u79df\u8f66\u53f8\u673a\u786e\u8bca,\u7275\u51fa200\u540d": "http://www.baidu.com/link?url=J21jZ5qo0W3ymhRaYb-A8LvXvEhb2ZrbrtINlSHTStqiJHJkgR3Kd0C855tezvZYMb_x0My5m1WKrxMxba5GnK"}{"\u4ec0\u4e48\u4eba\u662f\u65b0\u51a0\u80ba\u708e": "http://www.baidu.com/link?url=ftx9oj55_XffMNPRRpL4xTrdyfDdEd4moXuThUZkGKz6yxY5TmA5ETExY2GkZbrK-TR2n_Oz_r8Pai5xiy2neUZjnukQW8QzQWJFmx2UHFO"}{"\u5bc6\u5207\u63a5\u89e6\u8005": "http://www.baidu.com/link?url=YvQk1O6LSqtnLHY9JjLVUi8ZDH0xW96Cg7Cz6NXXl3mDY9EPGqnGAK230l6Vlhof"}{"\u5927\u7af9\u53bf\u53ca\u65f6\u8ffd\u8e2a\u7ba1\u7406\u65b0\u51a0\u80ba\u708e\u60a3\u8005": "http://www.baidu.com/link?url=f_Igbpfa3WxxBff4MvsoEEO7-9aAEz58i0lZJR8d02uRsoGCW7Rs16F3XZGgbhdNKwnT4TwuvzBFJelnp7RJt90an4CV9_nCHgZ5Om4nIU_"}{"\u8fd9\u6837\u67e5\u51fa": "http://www.baidu.com/link?url=S07kTk_BXL2N-s8WkzuKm8veB5R3Z2t97I8kZjfgPpi8vwWqGeL2ZSjVGkp-3YbP"}{"...\u6211\u533a3\u4f8b\u786e\u8bca\u75c5\u4f8b": "http://www.baidu.com/link?url=nU1xwbvE-ic_jAKi71eE1EV52yNr9l2BPp8Aa7bHAP3bPvLUd298p-IcAQ7U6iIGeXYS-VMNSfw0QxeBaeuOQ1i5APAUz1jdIuokvPHebqy"}{"\u65b0\u51a0\u80ba\u708e\u75c5\u4f8b": "http://www.baidu.com/link?url=HoxyNFK8EvVjtRUZ-zi_WjUu-pDcYiJ-e0T6vczE_fNorIG-ANOGaswO4-WegjtoaWFUhmXEH3Q3QNt3hKWIF_"}{"\u5bc6\u5207\u63a5\u89e6\u8005": "http://www.baidu.com/link?url=Y3iTEQRcH-cr1c_IUoCTpHGywg76Zlu3xYHPPBQ9NNpuu_QhtwpYPnjjcmlyKQzyVvdi8XP-vb--PWHr6IOK_NunFJM97Re5uIyueYznxu8KXBVNatWxVhSk6TsSm2mpFpAUrlaQd--NAnrb3zL5a_"}{"\u4e00\u6587\u4e86\u89e3\u65b0\u578b\u51a0\u72b6\u75c5\u6bd2 \u6559\u4f60\u505a\u597d\u201c\u81ea\u6211\u9632\u62a4\u201d": "http://www.baidu.com/link?url=nEWOaXNX6woHLvf526bgVXbVAveLUjqhsLKVwKZZWhZM6T-pxq1jbStI4uK_-2ANfmHd85kX8cELDRetitDR0vRSm04lur_7p_Z20EnPCX1J-ZJljCyyoSdIJAr4vCDR"}