{"\u5bc6\u5207\u63a5\u89e6\u8005": "http://www.baidu.com/link?url=yQmx22rGAp_1PFd32QINh2y9Z8ldK-Ttyxp7haRd0gAuwYRCN6VlE8S9DXjh55QoSj8I4mSZw4X4_-wt74XneK"}{"\u4ed6\u4eec,\u968f\u65f6\u53ef\u80fd\u6210\u4e3a\u201c": "http://www.baidu.com/link?url=iJ8rdNaGIp8V9Ja5AJz-U2i3FW8VBpJ9Uqpq9pik1sl0o134AhH0j_Rw0VCn814-0TncPLGF36SA12URNFECcgWIH6TIQqX52whLCjus0U_"}{"\u5929\u6d25\u8fd9\u5bb6\u5e97\u91cc\u6765\u4e86": "http://www.baidu.com/link?url=XMS1AtNyrWTVHYCEkxB7gzB8qxIKiRixvqHD2Qeea5Qx0-BgFPru6U-dGR_5FlJAEsChIIV1hWM4GOkRpru5N_"}{"\u7f8a\u57ce\u665a\u62a5-104\u4e2a": "http://www.baidu.com/link?url=JBca-AQNbmU35lXX6W9snt0dyw1KyNm6nrr8EdWLfdOPzVTDAhn1bFehSB0QdMJ07oSB2rFuoP0rju0uxOfff4XRTQm-TUdI5FMeBMJe7qq"}{"\u3010\u4e0a\u6d77\u7d27\u6025\u8ffd\u8e2a\u4e00\u4f8b\u5b81\u590f\u4e2d\u536b\u65b0\u51a0\u75c5\u4f8b\u5728\u6caa": "http://www.baidu.com/link?url=WwZtjj2qjvHToV_3MjwE8MYlhje_aLu4KdD37v6zcwrxTdMuLYR-y7z28TD0zp_a"}{"\u5173\u4e8e\u7d27\u6025\u8ffd\u8e2a\u5bfb\u627e": "http://www.baidu.com/link?url=fzaw3OWIezTS0y5mVPBCjgqnSxCzGsJBEFcL8ZcDpgzy8eL-HnIksbpjK5F4AX9yByItawnj1k3hcKYcnsZo83Tuj4qmMaqtQA5IVwoMW2u"}{"\u5bc6\u4e9120\u540d": "http://www.baidu.com/link?url=jcyUnD_Km3Qkoxn2mVzYcnlWxgdgBHUyNfV46g5ArHsmPFS01Pql64oIl42kTyDv"}{"\u65b0\u51a0\u80ba\u708e\u60a3\u8005": "http://www.baidu.com/link?url=_0t-GmvElE4lkgwlxq-Ll6JmF-3tze3Lht0papOSlr3ZDblK694U2I03glDk2CViU6mDoe0n9UOs3bn1LxN0S7QcfbyDKt1CNWv_vAl_WMm"}{"\u957f\u6625\u5e021\u540d\u786e\u8bca\u75c5\u4f8b\u8be6\u7ec6\u8f68\u8ff9\u516c\u5e03,": "http://www.baidu.com/link?url=QFvueK7sxtnwixlec99WrEoAUC-lH5ypCO2k5--iCeIyn7C_9cgZPpqK628NcC0K"}{"\u519c\u573a\u6e38\u620f\u7cfb\u7edf\u65b0\u589e\u89e3\u9664": "http://www.baidu.com/link?url=4dgHABwCYRWayvXJfjLfO8tCUzxHHw7xwUQa6dYG9ahijZuiHmf-DL02aG_T0F0J"}