{"\u5bc6\u5207\u63a5\u89e6\u8005": "http://www.baidu.com/link?url=G7tWBzk8inY3JrxsHKX1QzTPtRPG044RFScNU_TzNU0idZ2N3bI9rBTFkC63qjtXbklk2k_YV8KpGKhglDEF8a"}{"\u4e3a\u4ec0\u4e48\u8981\u5bf9": "http://www.baidu.com/link?url=jWikG5KM1P9RJPAJJbpungKqvO5EWbbaUDYsx-bpD1tv8vr97B92NAFbzfSVLlOYXXzg1-kHxjaeHl8wZbLPzozOYwXQDpN4ei76OfOUQte"}{"101\u540d\u4e0e\u786e\u8bca\u60a3\u8005": "http://www.baidu.com/link?url=fj11gLCBjhxmn9wRlhcl7V_aknacoRdVsKk_WLuhaXa3cejbPNP4Mbf9ab06ujw2T-VREl8ft8kEYe-KOnCXK_"}{"\u533b\u7597\u673a\u6784\u5904\u7f6e\u65b0\u578b\u51a0\u72b6\u75c5\u6bd2\u611f\u67d3\u80ba\u708e\u75c5\u4eba\u7684": "http://www.baidu.com/link?url=0vIFDZSvs-6YYk42JyybCcI7-W46_ub4yfmFSsSdpI2UI4mTyeGgljvStxGUQ_UN4ZViPGlBKX5tu_LVkcn3fq"}{"\u3010\u65b0\u51a0\u80ba\u708e\u9884\u9632\u6307\u5357\u3011\u4e4b": "http://www.baidu.com/link?url=eukCbaKg20KfOHnzRn9EIr3dKKrCdEY9LL1EwbfOJawqYfmFfpW2wrANP9BC7tCR"}{"\u80ba\u708e": "http://www.baidu.com/link?url=F0WlTwkj1Xz4tGGM4_hbcghVnwH5_Dih3wox6jZevj0vT3h8o0BGYJHgwDvkT3OK"}{"\u5bc6\u5207\u63a5\u89e6\u8005": "http://www.baidu.com/link?url=raBX97HaKLXBKm-L3KprcUoCC9n2TEwbsTmbjulLQhH7oaACvhEkL2yOqzuQNE7ICYM6rBmqmXZqnJ0CS_Z5-GsLdObdWCxNBGaT8tQ-Y16e356KXLOfobnzbahE7JCI_t5UzHsynABmwdr5CJbEL54tIv1pzcpi2OGMpRNCeQAFlSBAyKHtnlooTHlpUWUM"}{"\u201c\u6211\u4eec\u5c0f\u533a\u91cc\u6709\u786e\u8bca\u75c5\u4f8b\u4e86\u600e\u4e48\u529e?\u201d_\u5173\u6ce8\u65b0\u578b\u51a0\u72b6\u75c5\u6bd2\u80ba\u708e\u75ab\u60c5...": "http://www.baidu.com/link?url=mG7VEmpi0BVZXH0EYOPon57Wt1tK4Zbhc3ZN5XFZocnp_4Lb9i5TdIAo2pq-ZpJGalfvdZW3hICep-bF-K6y2K"}{"\u65b0\u51a0\u80ba\u708e\u201c": "http://www.baidu.com/link?url=ElLCbmQ99eY4jHj1iqyu8a0Sz3FuTRoTmbZe9HgLQExLjNAdRxZUDz_rbjyZnoYEIo21jxLopOYcD7OWdQepmq"}{"[\u65b0\u578b\u51a0\u72b6\u75c5\u6bd2\u79d1\u666e\u77e5\u8bc6]\u4e3a\u4ec0\u4e48\u8981\u5bf9": "http://www.baidu.com/link?url=57aywD0Q6WTnl7XKbIHuE8b-omKc3ap2x5EsTpVbV64wsgYXghbYOI0IZUD3mv4YbSYHTK6urBo-TJGkrP8hOa4hbRJvnNkRKWlhki7km1m"}