{"\u4f60\u662f\u65b0\u51a0\u80ba\u708e": "http://www.baidu.com/link?url=ygP1SaVE4t4-5fi7wmF07_phI8XNHYseKAJGcT69Vfk3aZlv9yPZrYYfCQ6slWLWpVnVT9i7JB8P_RCqraBhB_"}{"\u4e3b\u64ad\u6559\u4f60\u79d1\u5b66\u9632\u62a4:\u5355\u4f4d\u53d1\u73b0\u786e\u8bca\u75c5\u4f8b ": "http://www.baidu.com/link?url=vRle-VHAsXvHM7ddqJQAHUEtSMUJkdYJkFRUxdsXGRuCCj0nHYYuF8cEeoB6IeV__84XjY5s3NQTM7fofZRkgBSYSXDYkO8s0BBlsJhOUFO"}{"\u62c5\u5fc3\u81ea\u5df1\u662f": "http://www.baidu.com/link?url=yR-d5NCBLVYlIKC-Z2AsLpE_Api8h0-eDxw70mF9hHYaGBBiK-rTiuLQARlMecxdMxaz-eERp8IebB5YncFbFq"}{"\u65b0\u51a0\u80ba\u708e\u201c": "http://www.baidu.com/link?url=_oeXYBABBqKVoXmDV859CJZCnd0rAH87VFKddQYB5M1XL-aUbgpVtTrs6nCXBfa5KhUKY-9NIZj_nlMwYmfhEa"}{"\u4e1c\u8425\u53d1\u5e03\u4eba\u5458\u7ba1\u63a7\u7d27\u6025\u901a\u77e5!\u4e1c\u842524\u5c0f\u65f6\u5b8c\u621047\u540d": "http://www.baidu.com/link?url=DXZrZ8rvqCEXgtJKT1dnLNCEY5ECioyvHzYAXyemkEDxMA9ixdfgqdNivCXHKjLeXlHCgLzXfjxqZBc_98RwRK"}{"\u4ec0\u4e48\u662f": "http://www.baidu.com/link?url=uPhKRLyPlMT0aJ1G47u797mqgL8Gf_RTP6DHqhnirQSxyW4suWpEB7KNlvbfbERsvsAKARe0tqTO6zbpsvKQjq"}{"\u65b0\u578b\u51a0\u72b6\u75c5\u6bd2\u80ba\u708e\u75c5\u4f8b": "http://www.baidu.com/link?url=6NKM_Alhvbbo467OgPoiTZgwhjzePVh7fsRx7izsSAJecjkoqP64zm1ZLBdB7T7-B1irW4YAisYlWNatfU6_oq"}{"\u5bc6\u5207\u63a5\u89e6\u8005": "http://www.baidu.com/link?url=XnEoH9d8LsMbI5je0nHoNoh2fyEdEU2ONKj3CL7xE8ZViVWRJx4BJmxXPwsRUeEw"}{"\u6ce8\u610f!\u4e0e\u6b64\u592b\u5987": "http://www.baidu.com/link?url=nhxb0bmetuvDgxozBcIQjl9a5K6P_pLI9mNxAMdavfWXHcbHHKvK4ByUFBGqEFIjELdUQ0cvbjbvwlfj4SBik_qE6UP57EDV4IUU7bPIM_G"}{"\u4f60\u662f\u201c": "http://www.baidu.com/link?url=GQjVQKFzKClYjIJtOjhVuPmwdw4eg4C7kdz5svCUPRaU6xrSYg-BGHCeQDMpJ9qYyoaRlSErdkpgJElyMnneva"}