{"\u5982\u679c\u88ab\u5224\u5b9a\u4e3a": "http://www.baidu.com/link?url=3ye6VK7Pi1Vn_FxkrLOuwnK_SJzmXRdYOm1o0kPDLW-pHmpVCJurTm-mCms6Z47e5uSmO01gvBDFo4qEo18xoq"}{"\u5bc6\u5207\u63a5\u89e6\u8005": "http://www.baidu.com/link?url=UA7Trvo6HJouDTSuDgtvJq3_hX-h35wZDr0SiLr0A81DAlVRf--NHKePoYKVAm73"}{"\u5bc6\u5207\u63a5\u89e6\u8005": "http://www.baidu.com/link?url=7bBaZ6Sz6h3pspyZkecKXadz_tRfayerbfyr-vOS6xxWK_aecPKRNQMxpaHeqC-j22x5XtvMV5v15esATUwtg8uAVSYJh_X8xjR2-PGH7x7"}{"\u5408\u80a5\u53d1\u73b0\u4e00\u540d\u65e0\u75c7\u72b6\u611f\u67d3\u8005,177\u540d": "http://www.baidu.com/link?url=hxqGuohrRe2AqSd9CTN36xxc_fzXSvcNcmVk6MbWkG77Yh20tmyAmg3BRij01hCvHym4qHyA0ApRXtICZFWRnehHHwf5tnPPKqcrMww00PK"}{"\u4e0b\u5217\u4ec0\u4e48\u60c5\u51b5\u4e0d\u5c5e\u4e8e": "http://www.baidu.com/link?url=071XnZIHOmIvYaTgzgZVDxqROaU70t-VZL-YbdiqcXkdJWecWvo2m2OJm_qSoPch"}{"\u6211\u53bf": "http://www.baidu.com/link?url=HgcEiArtRXa4P5PmsYO3LZv5OSUIdp7gTupoWszZIPQyfZ_se9JudXBgMbBqU219CqXaTKd4fypewbqrLKfvYK"}{"\u5728\u5e73\u9065\u7684": "http://www.baidu.com/link?url=6KTefrwneawKfAu92Mva-4_Po-1zt4Udy3eMlaOkd-YnAD3ToK8LyRpTwcQGRv9pVF6Jias3WtePobUXB0qdify62BUrG4qOJWek68JrQ_O"}{"\u7d2f\u8ba1\u8ffd\u8e2a\u5230": "http://www.baidu.com/link?url=Os9M0wEiGJ4KgZDnmfaZfMko1zp2plmJhNr2tLfUsFrvZdY42-mR3FAHhAtI9hrqm_4676PS5zw1cSsAdy1Q8a"}{"\u4e2d\u56fd\u75be\u63a7\u4e2d\u5fc3\u63d0\u793a:\u75c5\u4f8b": "http://www.baidu.com/link?url=qgneYJnq_STf0yitFpIMD922d9aqsq7wg-zDqqIdqhFrm-XSgBsECWsXNvxcI0h6dpatwr4CvVC7kV1IOH_BolUnHrwqQnu7iNZNuC22HWe"}{"\u5468\u53e3:\u6240\u6709\u786e\u8bca\u75c5\u4f8b": "http://www.baidu.com/link?url=CTy8L_2eLPTF0dEJHOs4M7YOCn9YQhpi1BPZIb6E1DAsUTc3_Gxqe8NXgf96bkYXcZbtMsrSH-ELokiayYWmOa"}