{"\u6162\u75c5\u754c-": "http://www.baidu.com/link?url=NBNe9PMdy3o6-whIt_vimNrQnCB33XRo-i9VU15e50XqoOOSsuzLzdZwoMwjo0vQChKhxQNhD8Wy4dmcG8nzta"}{"\u5bc6\u5207\u63a5\u89e6\u8005": "http://www.baidu.com/link?url=NkVuBqzP4fh-logmSc6cH6tNOrM6e3fvcLfE110pD-IdciAgt21e53PX4aR03zS9NBYQ1he_wFROnLaqRI4tTVf3Gwg_XHgY-O_q5OkMn143ymZsaFxjJD9vIIPXI5XN"}{"\u75c5\u4f8b": "http://www.baidu.com/link?url=Ywpf6IKv9wEGxNNPvQyNQNsObpCF8S-ouskz7PIMbKiWzjHR5UaMVBst9CJ2QuKp5Wt1BrRxuRxhNDbKbqasHwcUUGZVcbZtMrlhf0ospe1gxrEjF_Lp6hzH0cIg7Htq"}{"\u75c5\u4f8b": "http://www.baidu.com/link?url=AbyOahJ5y1Fbv7cSpS07ooYYMnJMd_tB6EG--dUaV8Svm3XdHUeeZ1UaDP2Y2WB1Fe8_Xbg2RKpxaH-rd4xoWamVCoYMQrWDj4_2IrHZ_Cm"}{"\u5e7f\u5dde\u5e02\u75be\u75c5\u9884\u9632\u63a7\u5236\u4e2d\u5fc3": "http://www.baidu.com/link?url=-qxFUoU_hIP4E_aA2po2YPht_wzhhXEKAyQvPd9NMnumem5ZQb36j-uoXaDNzt4G4A9H_2EAUWLEQvdzRhAskq"}{"\u6700\u65b0!\u5b89\u5fbd\u65b0\u589e\u65b0\u51a0\u80ba\u708e\u786e\u8bca\u75c5\u4f8b36\u4f8b!": "http://www.baidu.com/link?url=3AQOgbpVTWUFp0jwUxf9YkkOe8Nc169V50a_Qu3lviOqSGSQ03Nv8ArHOzH5cbhnpyOEOnRkztXrooQlXDDpY_"}{"\u65b0\u578b\u51a0\u72b6\u75c5\u6bd2\u516c\u4f17\u9884\u9632\u6307\u5357---\u75c5\u4f8b": "http://www.baidu.com/link?url=5W_3IOGV9FWbwkMl5eSeq8-rP0aBBvGly2ulDrUVgsbyVCp0bWDjPOLZjgrrfGl6fTCR1w9paihTItFCSEox7IX4Ok5tboID4tJBS59HALq"}{"\u4eca\u665a\u62a5\u6570\u5b57\u62a5-\u75c5\u4f8b": "http://www.baidu.com/link?url=A7JduXzzuApiGVQDHWXjxPG-V3F8bScmxOwbzazADWQWzepXKcR9Pba5LRYWqV-qds8wQmymtlXzLdKjh7pIBwXqeUW4mV1a2wsqOGBXLHq"}{"\u65b0\u578b\u51a0\u72b6\u75c5\u6bd2\u611f\u67d3\u7684\u80ba\u708e": "http://www.baidu.com/link?url=4nPR6vILs2RnzhYSYAxHLTQA9kUU8Xux_D4rHLI-h4GxZATgF-9Qx9EAQuc6JTyoJFGmCgaAQxMys1bDetFqzzcg46kdsa0vfOt3-BxFPYs9kNFGnsjvQ4GV0vG4eefj"}{"\u9738\u5dde\u7c4d\u4e00\u7537\u5b50\u786e\u8bca\u4e3a\u65b0\u578b\u80ba\u708e,6\u540d": "http://www.baidu.com/link?url=jmARu6GRPRn34rY7Yx-yRf4nb4Xk4cJT6CoLjIXmpkTUEzcAdhe1Jxle2sA7XSZhvBRbjlF1dRBjbHiDQq69p_"}