{"\u5bc6\u5207\u63a5\u89e6\u8005": "http://www.baidu.com/link?url=fvGSBq5NeKyy7mgnEN4MdhlkW_CcVZlbwXwPzPLhizbjh9lwT0ey2j14q9746W04odR-TptFHri9nPLFA6hQ2G30ojsqP05c7R-5YaUizIO"}{"8 \u5bf9": "http://www.baidu.com/link?url=xV_2808UPR3ElquYPtp0qp6NV8WWOGWzBiF0vzPFewKwXNJuxboSpQ77btGHawGRhIUkGtCAWEG50Fq8qbKb4q"}{"\u5bc6\u5207\u63a5\u89e6\u8005": "http://www.baidu.com/link?url=339YGEPD0Wd1hdbuB3zx0eiQNoUXY-VwghwYBjGTKeAr3NX-4D60dMoNWH50pxhaCRxwnXnAu_zmdGG-WKVmB_"}{"\u4f60\u53ef\u80fd\u662f\u75c5\u6bd2": "http://www.baidu.com/link?url=dPP0AgncNl6CTYKZCNPazoFCEVi5cuWSv6Q6dczY50_8OgYsk6JTnSZuqzL2q6Cz8mwKronvo4ygXbK7l_2z8uRD5XMztTbT8ahxz_-HlMC"}{"\u5317\u4eac\u6628\u65e5\u65b0\u589e10\u4f8b\u786e\u8bca\u75c5\u4f8b \u5747\u4e3a": "http://www.baidu.com/link?url=YoiINu7262g_ewoo6sLqUM8OA0GZb9-yz2IjX0Zp19tx5NahMJOD_8yZ_Hjz9exQ"}{"\u65e0": "http://www.baidu.com/link?url=TN6Wsyaj5wXJAlG3d_gEyp-uZOoZLw7-dymKC5W_LBaULS1901VOoXRwxseaTARt8czQDNWve4CJernQQ6195a"}{"\u5728": "http://www.baidu.com/link?url=ogHk2ilmdph4nKlUswCNuOmhjlp9DAWkiBgdcH2YxquHi3Mluro2k6aB25a8V-m5mRoj917IUflNoy5x6M1Snq"}{"\u534f\u52a9\u8f6c\u79fb35\u540d": "http://www.baidu.com/link?url=PpF5PZHTNgsqEAF6bbaPSiUrszbb21o-j3X1e0r6KHYi_aNStOi0LegGk1J0iX9JBYuX6nB0FmiCDiWXMiGD8h9Za-7YADR_Uj27pyW_qgK"}{"\u75c5\u4f8b": "http://www.baidu.com/link?url=Sbri-_2uZjN4SM62NlMxQgIGEkyStGdJ09xhj5nEQRWMwnDt-fPX7c2Mp1HI20Fbtg2MPL01pWfhJFKxkvbS3a"}{"\u3010\u5317\u4eac\u901a\u62a5\u8f93\u5165\u6027\u5355\u4f4d\u805a\u96c6\u75ab\u60c5:\u521d\u6b65\u5224\u5b9a": "http://www.baidu.com/link?url=sr1vRYIqEkR3KUGny5ptLU7XWjZTSjgDdOjoflOok8a26Y9yP5CIXOLPV0gdpkEG"}