{"\u6211\u5728\u201c\u8ffd\u8e2a\u529e\u201d,\u76ee\u6807\u2014\u2014\u201c": "http://www.baidu.com/link?url=qJDmsahlNUjNdI2beflLksWBL8qt57mZPJD9jAYraxveVYmV0dW2ogr9pHqpnPO7lkxxNFe5pM296IkxZqLhHIibAEQIeVs-MQvauSzt9I_"}{"\u76ee\u524d": "http://www.baidu.com/link?url=z3T7Vm6YtqvEw5S4AhvzOLgzkZ3M0IKkt3c2P76q1GzOaxS37MWy7ERxUxRhon6fDOVUcCA89etM5d-6V_UJ-qe_DEW9Ul2d-_g0DW_vJ33"}{"\u5317\u4eac": "http://www.baidu.com/link?url=dpKMB-eh3P7HeHt0oUDcVwo9JZa4oUZw-06i7tv54fBz4HsGRnVvUoLQjHPYt06RCl0w8RjV4EmnsVPh2xlqQte-zEkNXkObDxSHDv5edE9o3bJBPbWXdqkpeOP6xXi1CoQRZ1xx2aZrR_ZwSqnpSorQj4BRsEp9Zt4ZHrcVStm"}{"\u5c0f\u533a\u51fa\u73b0\u60a3\u8005<BR/> \u5c45\u6c11\u5e76\u975e\u90fd\u662f": "http://www.baidu.com/link?url=zR1eA8s5SKvAeQtWg7jmbCvxu-rEF6i4rSgsE63I_b_DR-G-qYp3lVn-Xln2i2mWv1_J2RuBeCZxICBINv0pvLb3Hf1UfQ4cPA3JutSME8e"}{"\u62c5\u5fc3\u81ea\u5df1\u662f\u201c": "http://www.baidu.com/link?url=6qYBm-GTioTiFQj9vyLtHIz7qlTQhup3BeRpJvDfDQWQ-2Pzl7jRrxaSWc1vsnoCHhg0CD8aXnFRZ51Fy-0Uva"}{"\u65b0\u578b\u51a0\u72b6\u75c5\u6bd2\u611f\u67d3\u80ba\u708e": "http://www.baidu.com/link?url=yE5YnCBg-cNYqADgeR6XZGHRL7kpzS5cF4uxR1Nxpu8Z6l7zaj6vsfFw023sJKCnHuylqcakcAAgREeZuBSBX_"}{"\u7389\u73af\u51fa\u73b0\u9996\u4f8b\u65b0\u51a0\u80ba\u708e\u75c5\u4f8b!\u5f53\u5730\u5168\u529b\u6392\u67e5": "http://www.baidu.com/link?url=SjA-ce_0_cGqHoU5kdvK70EvtWxY7yaWMQt8OYEU3uhJkHr8SeMgqzLWGy6clBAu_Lw1XyLKKuXfeXFN-RWn2a"}{"\u786e\u8bca\u5c0f\u4f1940\u591a\u540d": "http://www.baidu.com/link?url=rIIyS4ilY8bKagfc8Gx7dfQM60e8cCvnteXfRAdgDtO1pu40G8ybseaNAnLKHFrLtw9qOK2Tn8vKFS0_nQzUNVnHfq6Abf5pZFtAUVePW2m"}{"\u201c": "http://www.baidu.com/link?url=kWNgFJBBmxq2SEK8sU6gbazVxFWBegWVXmlZi2Ic-xy-P9w4mr3HIf0Fjp_dj6aGO-S0ZEMpIq4uqqdVfoYaYwXq1rSs8yXFGSr70-IDATS"}{"...\u80ba\u708e\u786e\u8bca\u75c5\u4f8b\u9ec4\u67d0\u6240\u5728\u5c0f\u533a\u5df2\u5c01\u95ed,": "http://www.baidu.com/link?url=57aywD0Q6WTnl7XKbIHuEzg3thMUswU0N7WVgfgfFapqhhXGIcTLi9REr9_QunujxIoIpow_0nW50x9HX1QDZK"}