{"\u65b0\u578b\u51a0\u72b6\u75c5\u6bd2\u611f\u67d3\u7684\u80ba\u708e": "http://www.baidu.com/link?url=fnqc4QEXQ7G9x-PIem-j5qDKmJWOXClfAUyvsBFYXE-LKmZxKr0rbfNhDqiRbfQu662gXFeIMFNi0WuORu9cpqIs12zA-yxFGE1L502QWL9PjgOGPdp71X-Z3KfdozWI"}{"\u6bd5\u8282\u65e5\u62a5-3\u3001\u4ec0\u4e48\u662f": "http://www.baidu.com/link?url=1pKUaPBIP-l4prLQQ2BJjjxw4Ue_x_tIY0H36VqnK-eA0xyw_NqxPgpLmct606jf3kXi1vBdkPUoQgD_0zaJA_"}{"\u5bfb\u4eba\u542f\u4e8b:": "http://www.baidu.com/link?url=IHoTZC8-vU3_wHV3407ihxy8Cmbumil5vV9EkI7N4plboQzQEdQW32pXCssvQUKl"}{"\u4f20\u67d3\u6027\u975e\u5178\u578b\u80ba\u708e": "http://www.baidu.com/link?url=T_xYCEBx55Kh7dLcK2ZyD4-OaSv7eQ-Y8363VPJkP17P3lmSQS0Q5CICcvdz1M4F3fLo7OBVLN_aPnYgCDkvmK"}{"\u5173\u4e8e\u5f81\u96c6\u6211\u53bf\u9996\u4f8b\u65b0\u578b\u80ba\u708e\u786e\u8bca\u60a3\u8005\u7684": "http://www.baidu.com/link?url=6xgW22EeNWT8sjL07Kr8wsIBjdtYS_PjH8RbV2VO5gQTzd-CUa3zvjX6IV-5I2JO2wZuhTTXWq28WAY2LSeJnK"}{"\u65b0\u578b\u51a0\u72b6\u75c5\u6bd2\u80ba\u708e": "http://www.baidu.com/link?url=UoUyiplI7hSAdN2X8ig06b8zuUZnMCjdMHQ3elkN1ai43cF_qQGwXFcQ6KRRdrAofGZ0EXYZnX3kGX1BL0mugK"}{"\u52a0\u5f3a": "http://www.baidu.com/link?url=2iyLNRGWH8ZI98VfgfKz85lvYdTzpiLQ3a9mel983LcEu5pz7NPbapmHNjcV4Kcq3vJPqJQPUFKilwEdbqLLEvi-68Qo80IgJ3BHA8Fzpde"}{"\u6211\u7b97\u4e0d\u7b97": "http://www.baidu.com/link?url=HO4eW86fAi-o_OsOJb6-niJZA3BI8mbda1cDq_P64ebvvxDN5ioKptpEZzjN6BVk6-M9VdXRMdYJDrSmbYhRM_"}{"...\u4e0d\u5f97\u968f\u610f\u89e3\u96c7\u65b0\u578b\u51a0\u72b6\u75c5\u6bd2\u611f\u67d3\u8005\u3001\u7591\u4f3c\u75c5\u4eba\u3001": "http://www.baidu.com/link?url=FccXY8tKQq1I5WSDStAP-2rm1qQZWCK2mUzR_JzxYwwvd4vvs6SMsWJaumguX_W9K2Z0_ubRnqXLiK6HZBf9zp2sw-n70XLnokm7qlzJ2nC"}{"\u3010\u4f17\u5fd7\u6210\u57ce \u9632\u63a7\u75ab\u60c5\u3011\u65b0\u578b\u51a0\u72b6\u75c5\u6bd2\u611f\u67d3\u7684\u80ba\u708e\u9632\u63a7\u77e5\u8bc6\u624b\u518c": "http://www.baidu.com/link?url=ZhFBDjmO0hhFxbyxB8SO_33NCJx-EuLyrc5Y0DHHh6KFMSv-QEDDqVXI02CM7MPoLpu97HTdggPA3XCxzhWmGq"}