{"\u5982\u4f55\u8bc4\u4ef7\u4e2d\u7535\u79d1\u96c6\u56e2\u53d1\u5e03\u7684": "http://www.baidu.com/link?url=zFw8B15ckmEF68KccxMpafSO_YZ-LaEvMsFExBURyFcFE39l0ex5jss4hAf81I6UK7kUnGHcX6Oj8e6tsO68CDgUol04-8AYQJNayP3H83G"}{"\u91cd\u5e86\u5e02\u5173\u4e8e\u8fdb\u4e00\u6b65\u52a0\u5f3a": "http://www.baidu.com/link?url=uXD1nb-Iz5ZmhX4YrNmy_1NdorjfWiibsWowLmmli9mKZZUgmAJBdOYctQ-nkZMOMc3wRg1TwAX-FX-vLzMUd8mZEuxwTi5-ImGYPXjDRKy"}{"\u4ec0\u4e48\u662f\u65b0\u578b\u51a0\u72b6\u75c5\u6bd2\u80ba\u708e": "http://www.baidu.com/link?url=PbAuhzP3hlT7nYQ0T-ZM-_HO7Uo_k_TEIbuJRQwyAJUGo6rkYl6qr9auxBXkUr08N4QbTWR9d0rl6NTdTnwq0_"}{"\u4f60\u662f": "http://www.baidu.com/link?url=n1dWLJP2CAE9oW6vscVzMaKREoKvLq7LfJeWAJg1YpARPsOtged1N3Cwrs1ljIYw"}{"\u5bc6\u5207\u63a5\u89e6\u8005": "http://www.baidu.com/link?url=XxcAjczQmg3WjNIpSxtP8poyMk4zRuoWSglczUoupODjgt4GnsJDuSDt44W1x19z6hcbUubLIB-w33gANGqZA0_EaB0kfhGIz0EVFXcDW9a"}{"\u83ab\u606d\u660e:\u4ece\u4e25\u6293\u597d": "http://www.baidu.com/link?url=opn6IshVRkaljKwFcOabg9_YNMB-QwA_VyqJfCIEGZnY_OGDc-60OZujvyaBGRNRYg5SlUdZeF7di0EOn0v5e4LrCkabP0apRzpFpZxI4yK"}{"\u4f60\u5bf9\u65b0\u51a0\u80ba\u708e\u7684": "http://www.baidu.com/link?url=JLAk1ah8TOIna2GoL6OHJKKfUjn9xSlHba0zmPO4d0VoM6FWr90GMMlL448e195DopvBu24LY8Rlu02Sdu55YmqhRUr_3HVPYpppN-QAeZC"}{"\u4f60\u662f\u4e0d\u662f\u65b0\u51a0\u80ba\u708e\u201c": "http://www.baidu.com/link?url=70IXHR7jm7Y8DscX1GIZR7vLF7xV3_2ozqkYEXAn_l0EvpnK5k8sVs5oebHK4i5Z"}{"\u5bc6\u5207\u63a5\u89e6\u8005": "http://www.baidu.com/link?url=Puu2Vq84-ztz_CFgf5-wkiIPBUj2bRQ_jJIS3Z-zAV2lKrQGeHscry5L8KtyqzVsHE9GMwjRppcmpZonq2jpRa"}{"\u53d1\u70ed\u60a3\u8005\u548c": "http://www.baidu.com/link?url=PftbcDce1_80Szr--7Ofja72ELjMsDQ7IRkRQmGJUvzYaTkOR34ffjqQKc68pD0kdGrxBQVPQSXi_G44wOqnXVEacW-16wSlbbwSFtK8WB_"}