{"\u5bc6\u5207\u63a5\u89e6\u8005": "http://www.baidu.com/link?url=RyUc2Z7FmVO0X4OpB8CG5Uvzm9czgS4pr_fTqTdpi4dfifmNkp-tDJ99g2KYLSjz"}{"\u5317\u4eac\u65b0\u589e6\u4f8b\u786e\u8bca\u75c5\u4f8b,\u5747\u4e3a": "http://www.baidu.com/link?url=oWUmmZyHRByrj8_v7E81OkoBSeBkBa5EKiYv79XZnvSCAGoyCkIBt1GDycQRHAeAAUsrTL59dDuFbPnx91NvrwL4biFPFdLUx133FcPrUA4Khqa4zC1NIvMLapXNVjSv"}{"\u79d1\u5b66\u7f51\u2014\u4e2d\u56fd\u7535\u79d1": "http://www.baidu.com/link?url=3YRROM-zM4-ERwj5U62sUEySJDaqj4PMISMu6ffQi7Fk-pAH_BzwhBUTGSU_7uY55pSQ5n4xyVg4GLnmTj-qvbAWxx6TYYwwIqdiUCKWLGS"}{"\u9632\u63a7\u75ab\u60c5\u5c0f\u77e5\u8bc6:\u5982\u4f55\u5224\u5b9a\u662f\u5426\u4e3a": "http://www.baidu.com/link?url=2YspEW_SkjnZhwXb-lokcim1UL1xf-6Z78UYDz3kaO3G2nUkCcMeaxMrGby-MN2jqBCBs0EP58qBf0C50He0pTiJ6rqz3HWCZyvNB6VeVVO"}{"\u5173\u4e8e\u7d27\u6025\u5bfb\u627e\u76f8\u5173": "http://www.baidu.com/link?url=TegiLF2ao4UH9oPs0A3Mj0W_aPiEShvk7t8RJQGJAJJvcBVsl2-qsSB_QT8JnZt2Y5WoUiXBAFJgcaG32h63oK"}{"\u63a2\u8bbf\u6b66\u6c49": "http://www.baidu.com/link?url=C1kOVqXaoc6HwCJvHHrVJWnQytSfZrOkesiT5g-e2ZrDr4ENUSqxHcAPTGISuyTw_hNu_c80lfy1opmM9MYcOkzk9ZohLkkQud6dvZR3BDi"}{"\u89c6\u9891-\u63a2\u8bbf\u6b66\u6c49": "http://www.baidu.com/link?url=Rsb3C-LFAorMQ5MoL8xSBllMPwqYMFyVjAIDgCddiu3o0bIgWZQIHj7E0I-KLji0o2b4xGJU7AqDcvGy542IDDF7bMG9zfqZo1SxbfuhrEgS6XNUP5QaH0klHdxUoP46EqUHqt2ewIgaqxRxZTXzVK"}{"vivo": "http://www.baidu.com/link?url=57aywD0Q6WTnl7XKbIHuE8zWE5epzov3Jk7LtVUL7ci4pKk7AthF9Sw7c4VhqwVEo0lJ4GOALPo-hDo0QFGrG_"}{"\u683c\u529b\u73ed\u8f66\u53f8\u673a\u662f": "http://www.baidu.com/link?url=Y_tbjFk5ax6jbMYwQBF2t86AEnmQnTlfboCrLEh0xfGDJisqj3KSSb5acRl3WYAjR7n3d1Zb5IW7zdAM6MAFH_"}{"\u8fde\u7eed4\u5929,\u5f20\u5bb6\u53e3\u65e0\u65b0\u589e\u786e\u8bca\u75c5\u4f8b!_\u5f20\u5bb6\u53e3\u8d44\u8baf\u7f51": "http://www.baidu.com/link?url=tRudGJ8oTmzCLMff4LkGoC2xUeLJKZLbfjIJvTqhCU34gksZYK3uCjeS5kVr0v3N"}