{"\u4ec0\u4e48\u662f": "http://www.baidu.com/link?url=V4dvSflQ-YRKhrUrY3efJUdsUyVzfQY0soQOXGiQmpmHGUXf7uLYozn9Nqbe0nHM"}{"\u4ec0\u4e48\u662f": "http://www.baidu.com/link?url=UARjVOsnhoKd_QkO15M7K4eZjRsEfuV7UDKAkL533S7eRb50a5URD2R1_eGL0wPOal9HxZSiXzxvKYjRtIrGda"}{"\u4ec0\u4e48\u662f": "http://www.baidu.com/link?url=fvGSBq5NeKyy7mgnEN4MdhlkW_CcVZlbwXwPzPLhizchDvWoBKsyuswIrhWpu5aP9JddaxMTxffPrCH3_ZhGiq"}{"\u5982\u4f55\u5224\u5b9a\u8c01\u662f": "http://www.baidu.com/link?url=RP86trvkaJ2GO4xzk67q7bJuBb2HMYocwPXgNrfJUO1Wabnu0S-UeJ3epBp-rnaAK4f823X8TQDWMHxB5xwlYpYlYBrroQ4YXZsMFrcUvfC"}{"\u65b0\u578b\u51a0\u72b6\u75c5\u6bd2\u611f\u67d3\u7684\u80ba\u708e\u53ef\u7591\u66b4\u9732\u8005\u548c": "http://www.baidu.com/link?url=CbKUdMaW0RuizVxuitm_K5IkXgpuUfj5s4gok0C9TE7tJJA2wdY_p7fBhu4sbbjdcodjfgFqibGWAJlLw62Zgq"}{"\u65b0\u578b\u80ba\u708e": "http://www.baidu.com/link?url=Va5imCgEfBlTnE3mrzc3r0Jx1CElfkheIOF3J2nYr-lzBeKsqstaS0XPpOJF7jrUg7pkf8UlCkqO2HHBpGwUaK"}{"\u5bc6\u5207\u63a5\u89e6\u8005": "http://www.baidu.com/link?url=1LXGCUsvzDmN65qF85HTAkwVwhE_QOGeHkfaG2E1xsLvLtTu_HnnXdgdyDMbO2YRKcOPd7OPzZGmPzv3F_Zkwa"}{"\u65b0\u51a0\u80ba\u708e\u786e\u8bca\u75c5\u4f8b": "http://www.baidu.com/link?url=x02GjQl5SxOLvucDVedjlWCLwdKY8CiMC3Ki0E6-O6yiyHhgu43E3mkQNJB8zXRs6qNSp10g1REBA5y-A0TtDJIGkS0VgXJTwXe9QfJWDPq"}{"\u4e2d\u5171\u91cd\u5e86\u5e02\u4e07\u5dde\u533a\u59d4\u5ba3\u4f20\u90e8\u5173\u4e8e\u8fdb\u4e00\u6b65\u505a\u597d\u201c\u65b0\u51a0\u201d": "http://www.baidu.com/link?url=WTnbKzJtlrD6ZdzMDBduUbVjb0WxbAoFOK76CeA-NOKwZ56xlNnUHBCZGfMAtjaOhFlKYzv665GoLcuSsJt_0_"}{"\u5982\u4f55\u5224\u5b9a\u81ea\u5df1\u662f\u65b0\u578b\u51a0\u72b6\u75c5\u6bd2\u611f\u67d3\u7684\u80ba\u708e\u75c5\u4f8b": "http://www.baidu.com/link?url=QbzmJsJnGTUpMT_jTc6G6_o_xv9Ljx0leLsQTWBNnsxWhlj0jv_cNnEMPtMFIHsv"}