{"1\u4eba\u9690\u7792\u81f455\u4eba\u9694\u79bb!\u8fd9\u4e9b": "http://www.baidu.com/link?url=T8HB5IZ05dE2FW2Kx2Kj-Kvzert1CmbW5LFFY7H8tXxlKYE4Xm4CaXRpxYDwIu2ndYZsl_WFRwqoNWJ79P4k3a"}{"\u75be\u63a7\u4e2d\u5fc3\u5de5\u4f5c\u4eba\u5458\u5982\u4f55\u627e\u5230": "http://www.baidu.com/link?url=F7VyHb5yqjWEqpfzqQgei86tQUygFVwdB-5Q-mE6nr7CdfVeYj-jR2r6K-KdeAOLMaH3nDI5Wbm8dciafGdggQI-BJl_6RLLCtfVuWJnuqC"}{"\u75c5\u4eba\u4ee5\u53ca\u5176": "http://www.baidu.com/link?url=H1CjL3h8M1MLgln6zDxocICHAw0I5ke5fXiYAGZkD-2LH_9sPe6NjoiJKshAYN0k"}{"\u56fd\u5bb6\u536b\u5065\u59d4:": "http://www.baidu.com/link?url=QD5dJ23_Dsv5O6IrmsglGMWUuvhXJ94u99mQJS9UTRHVmD3le-UCJNyVO5q2eahS1DPNDS3dZL6FgIEBm4Xp9a"}{"\u5f53\u5f53\u7f51\u5458\u5de5\u786e\u8bca\u7ec6\u8282\u66dd\u5149 82\u540d\u88ab": "http://www.baidu.com/link?url=vWGFN_VXyIb0kv_8l0mVWBU7EcUDlTS8Il5HCcNaIiyQJA8OqyJRodPBtQRYXvdWnSajj4-AkRBu-XI6Nk1kya"}{"\u65b0\u578b\u51a0\u72b6\u75c5\u6bd2\u611f\u67d3\u7684\u80ba\u708e\u75c5\u4f8b": "http://www.baidu.com/link?url=wdKkCU4C42Uy-Qa_W0myo8wyr8zeeX7b8TrxOTRkdy6IFGJECBxU7fNivXUyOfRI"}{"\u67091926\u540d": "http://www.baidu.com/link?url=hWpuguA3QYrsn1XtFCkF9d_bdZyyyF5JNVxc1VMepYwoshWNRBf5QmQjt1d6Q4f_"}{"\u516c\u53f8\u51fa\u73b0\u786e\u8bca\u60a3\u8005\u5982\u4f55\u5212\u5206\u5458\u5de5\u7b97\u4e0d\u7b97": "http://www.baidu.com/link?url=Im8vDpJRjKoAfjmx1doz0XaISqpoSuOJRl1GSNSQA5SWySA8UhHF4ksbuAXO2vs4ZC4FTYg950qjwTZhiqARK12XQLWHB4IIzCaY3-sSeA_"}{"\u6025\u5bfb": "http://www.baidu.com/link?url=9EBbL-sR9P6daRK5xf9-eo0_ySri2kTX6QPSoggNeKvGUqcshT119gmZ7HUEs2Jt6A-M6lEkoock3qfhYsZ8394_U88QMq8ZiNgMCxIQNlMpGhBDUJc2KNqAsks0O3it"}{"\u63ed\u9633\u65b0\u589e": "http://www.baidu.com/link?url=WWhA4vWsQ9RCKuSAMEh6OWAUKBx2KI6AjAuPTb1vFS3T_8jyFvORydf7r2ZfhEv0GBQK169yO2DRGQxe-7k4TK"}