{"\u65b0\u578b\u51a0\u72b6\u75c5\u6bd2\u611f\u67d3\u7684\u80ba\u708e\u53ef\u7591\u66b4\u9732\u8005\u548c": "http://www.baidu.com/link?url=S1lWczWXGMzat3gFIk3Txl8AWKTF3YSCxQ37Ue5htd54Ub_7wJVOVOh10Voxp8ikQ-RmTnEIGADFJilC1P-Nd_"}{"\u65b0\u578b\u80ba\u708e": "http://www.baidu.com/link?url=Qfl-UtjNFLL5HlEwryVohWYOdUaXgV9Lhlja-RxrHhGdBT0OqhFgF5oEezwXIuGWIb5545s0Oqs7SCt7zex1xq"}{"...1\u670821\u65e59C8620\u6b21\u822a\u73ed\u7684": "http://www.baidu.com/link?url=TaqJVKAz05XWCblpMXNq4rZQ7xxrXxMdqPx9LfyiTIF1H2PSuv0RJSkVL34jy3p5l7ZYegyL2p9onoZiKMS3oYBtyBbh2g-MCTWs2Z8OsZa"}{"\u65b0\u578b\u51a0\u72b6\u75c5\u6bd2\u611f\u67d3\u7684\u80ba\u708e": "http://www.baidu.com/link?url=9_7pLh9eWuhudduxNSA1aYzw5T4sHiNHsYOW2iIFrKNSf3FdFU6zahMQx-jxFsykrzoAqLVk0lPF7VBo4ClNvq"}{"\u7075\u5c71\u53bf3\u540d": "http://www.baidu.com/link?url=IOenl3v6HNctldEb_Zez_LqTS-0ARCoWeQWYmYOK5G3N6nR6xL4qA4W1a-02CD1hLaE0JxhVh3di2Xqn6a1xtQnS24Hdyph2it3pvy9rd4O"}{"...2\u4f8b\u65b0\u51a0\u80ba\u708e\u786e\u8bca\u75c5\u4f8b,2\u4eba\u4e3a\u592b\u59bb,": "http://www.baidu.com/link?url=t9tVne9ELKZn61d1r7Hcwo0Dy1JCSDZKtmHUC2Yt-OrCi7nZT2JTfdJrmvfbep7rUf6sy7yKKkp4Shm9nm-1wdKI2SD2eNOB_xxFOdMYAFe"}{"\u4ec0\u4e48\u662f\u201c": "http://www.baidu.com/link?url=SMsL9qmP4ItQP9RY0fiLn54WxmY2VhKJheV2hRkR2LHWVWo2KEtO_U6hlCk3Fkb64Ea52pLCEaX2mwpH5A6Ek_"}{"\u65b0\u6c82\u5e02\u59d4\u4e66\u8bb0\u9ad8\u5c71\u8c03\u5ea6\u8fd4\u4e61\u4eba\u5458\u548c": "http://www.baidu.com/link?url=Zg8Q8doHhkGJ3SZgdMsKpfZouLcTmRE15ufzKUONloSrzrPPoyyBO7umUiyGCBAIYDzDznZZ8pYitMgWxYLrMdeMZr5_tr02xdRvWe6nSIJy0h9sxR_c-SyeOvUjYHNE"}{"\u5bc6\u5207\u63a5\u89e6\u8005": "http://www.baidu.com/link?url=xpJyPQwmjFvn4zMK61F2IeIyJLoathEATcnrRDCSUIiAO8wR79-eA_1G2LV-lxfrzjkTI1o09GyLsxoJc_QyiK"}{"\u8a79\u624d\u7ea2:\u52a0\u5f3a\u96c6\u4e2d\u9694\u79bb\u70b9\u9632\u63a7 \u8ba9": "http://www.baidu.com/link?url=kIgXvMTiW-DK5CwLyvgnfQMs6QGTFnGS3WB231CcT8bVnv0btjbA0PACc2Ebtotb7rLd1tSe32H8aoHcAO6kd_"}