{"\u3010\u591f\u79d1\u666e\u3011\u201c\u6d41\u8c03\u201d\u662f\u4ec0\u4e48?\u201c\u6d41\u8c03\u201d\u4e13\u5bb6\u5982\u4f55\u5224\u5b9a": "http://www.baidu.com/link?url=Hz05cejljLJ7loErO7mBD3-rklYQ4MycAXUpbcX5_IkUg7mmLHUcrs3nFNWkFDZQ0wIzLd1EybMiheWSuFgQD_"}{"\u7d2f\u8ba1\u8ffd\u8e2a\u5230": "http://www.baidu.com/link?url=5usFQ13dZR9x2h0V3XN6uLvVRraYYyWhwIli1pFkZe-wBMqNqG8-M52xd0oFPxkM"}{"05.": "http://www.baidu.com/link?url=BCfteSajjwLgh9Q6LnMCL-JTmOT0on6V8z49SnV1ZMZXHAtMQmsbG7lGhW9D7ChUDrwutKcNBYZOXh8oHQanxK"}{"\u5bc6\u5207\u63a5\u89e6\u8005": "http://www.baidu.com/link?url=N4sWsUQ5OiKWgopU2_yhwnmJRyKsVNDcSCDX0iL0uF8mWUi0ImFpLXSLK59yxvGXbHe1b5ebbmnq_CDjKN06nLrS7ZoP7swLg7V63UaPMZ27OMKNXCt3-DWWwc7sZjQvCiMjW4fjFtG9UkfiWfoBqwGSWeShw7_Q_5o7gYvyw0IuaAhBM9EmC-WY0q3ULMon"}{"\u793e\u533a\u536b\u751f\u670d\u52a1\u5f70\u663e\u201c\u75ab\u201d\u60c5\u62c5\u5f53 \u5973\u533b\u751f\u52c7\u6562\u5b89\u629a": "http://www.baidu.com/link?url=lBf50-EfRDo_qeVZqlrUoAKSrWdVLXKksxM9p-onaTFFKTPASVD9sq2AAQzx2tt7LhyEdb9nxCfxTEAEdluOovRFz9RiU0lH9aMeEEFrbBt1ze-57OCb8_Vx_6_9N1GBm-C0LTioCGrJIt2iEfl3Wq"}{"\u65b0\u578b\u51a0\u72b6\u75c5\u6bd2\u80ba\u708e\u75c5\u4f8b": "http://www.baidu.com/link?url=UeWOLN6O0S_spJbW7YWk09ZXeUSoIGQl_8cNHaZxFaNkzl0vZ6zLqRO0fZm4Zx-Kw7YWgaLm--J6Xp9EnoZAwq"}{"\u8c61\u5c71\u53bf\u4eba\u6c11\u653f\u5e9c \u8c61\u5c71\u8981\u8baf \u6211\u53bf\u201c": "http://www.baidu.com/link?url=L0iQbpP_f1k718Ujw-xklk1tEkVoyiNXfi9Znlb3vH4Ksgm5WCMPlx1vWnZpJ890acB5XGkUPJ1D661kcL8lhlEx3cB8zaDRZOsqnvzC6D_"}{"\u8001\u5c71\u4e1c\u91cc\u5317\u793e\u533a\u6838\u67e5148\u4eba,\u6700\u7ec8\u9501\u5b9a8\u4f4d": "http://www.baidu.com/link?url=_UVVXP8UKAn7gWkoZ1GvxP-IsPYkPDd-VfAuz2ceGvgQpwWh-sHZF1ZnA-UoNVgAn9o3Gra3IamCzFyObq7DhK"}{"\u84dd\u4fe1\u5b98\u7f51-\u5927\u4f01\u4e1a \u7528\u84dd\u4fe1 \u5b89\u5168\u79fb\u52a8\u5de5\u4f5c\u5e73\u53f0!": "http://www.baidu.com/link?url=63O43OU0sTDKySeg7voYH2FXszsNjD7Usj1CfN1uRgKhNqMN9BNdudslVRYvN2AM"}{"\u65b0\u51a0\u80ba\u708e": "http://www.baidu.com/link?url=P1LsNmfp0O2jHDEihR90U7s2IY1YsDhU_Jixe6StkJwX500ov98xIm1WCS7SyQqRRgetPtYtphamAhyxzlo0__N1_pFxnmsMLQi9m15CE-O"}