{"\u65b0\u51a0\u75c5\u6bd2\u80ba\u708e": "http://www.baidu.com/link?url=IoWU74dmAKkWfwGtDiph2hK14b66-Ewut5uruYJkIFmHrGEdx850dddeLq6ixpPqmTjGPVAE6px_hGEjskdBmt-toxNpIi04KGs5rDoCEPW"}{"\u3010\u8f6c\u8f7d5\u3011\u300a\u65b0\u51a0\u80ba\u708e\u516c\u4f17\u5fc3\u7406\u624b\u518c\u300b\u4e4b": "http://www.baidu.com/link?url=WppUYe2jLghUEKo9FEz2Cjhh-uI1ZVb7ec2gykOZgrNclOv8cdNPtlj6HMfKD6Rxx--diBLm9h1mUeQWMC-tZK"}{"\u4f55\u793c\u7763\u5bfc": "http://www.baidu.com/link?url=mIt6P1WZ9hSOy-gCSYrQGKW2l_bV82HIOPPGzFk45_q2AM-Zbvqy0YiCmzvtMggCu0aL81EIUeilHtYostnu9K"}{"\u6210\u4e3a\u65b0\u578b\u80ba\u708e": "http://www.baidu.com/link?url=O0EdkO3i_zLKKLfckRL8sQt7VffrAnU3b7Zt-2ikyVxw9lZw1wUTU9wyYN30ooy4yG7SjJj_poLUO0Xxf2V53Xkd63QTaR00V1ub0oK3Dm3"}{"\u5173\u4e8e\u6e1d\u5317\u533a": "http://www.baidu.com/link?url=5bYPYeXK1rK54_vfYsYtAb7zoimGzmePMff4QxavQLHyjHTvkN5l0aD5OSsKpi2N"}{"\u5173\u4e8e\u516c\u5e03": "http://www.baidu.com/link?url=HhgYLiWWoA62-wd0iwTyRgiHWA_fnZMUxy3LSGGP_AZ7gGisDzhoDLqnTcrpODdHiPe7ehAQ8r7H65GvhqQOiMVG7ZyfF0mp3a9vHbl3YkeBKcU0ZPrmvjymICDGfB8l"}{"...\u536b\u5065\u52a8\u6001 \u300c\u7d27\u6025\u6269\u6563\u300d\u5170\u5dde\u6025\u5bfb\u8fd9\u4e9b\u822a\u73ed\u8f66\u6b21\u7684": "http://www.baidu.com/link?url=hM3bFDzi0-vbPV9lr7Y_vQHYwSiAcFWgfZiRVoc6EcCwgvzSvUbE3TvnQEnbiALhqh9zvbEfcJ8DgOh0W5Px6DCf-54GcFEVn2P8zxmZIwC"}{"\u75c5\u4f8b": "http://www.baidu.com/link?url=wta0CuIYZknrgMWZRgeZ7RHS6xBxjHjCKDypikkXqS0hGYUFhwgqddKkHPI34fBP6HobWVN0X9JKLAJjZ8iVGXAMg4d8ry5G_9rSiF8LUkS"}{"...\u6211\u53bf\u786e\u8bca\u9996\u4f8b\u65b0\u51a0\u80ba\u708e\u75c5\u4f8b,15\u540d": "http://www.baidu.com/link?url=PvQsaBLPW1ASpZsQJh0FC9undUcjW3Saa9ZGoX_1PfpngphmfCRvYFc4j8LQIjOS4qOy0jO4hOjL3kFP0PXt6lbiF08jXDQ-4ujGTs-_VjS"}{"...\u75c5\u6bd2\u611f\u67d3\u7684\u80ba\u708e\u786e\u8bca\u75c5\u4f8b\u76845\u540d": "http://www.baidu.com/link?url=aPu3p5IlRkNngtNvTPDmhD2CQ_zI6873qcLSfV_s3B9gmH3XKhu7wVR6SZ_NgK1_D7lQD5fTg1gT35_SjjdEo2oC7GGdM_Ac8Po2CQJkgjW"}