{"\u8d85500\u4eba\u6b21\u7684": "http://www.baidu.com/link?url=gKc4sqUC7Knj7X6Xxwjl-ZDgIn5O8INOvfSn76BJbcnc6zW12btgjafmQk2AxEplRU3XmA330IK4_8-AzQcDra"}{"\u5982\u4f55\u754c\u5b9a": "http://www.baidu.com/link?url=qTVLh9if_QTfvG4SBTvJd8L57_urCKrjg3n5maLeKD8OTLoJeJ0pO0JZoQ3oRg61aGCZdvOYwPYDpi4r_zj0pz57aJjDCqGnGru6ZfqtNZK"}{"\u8f93\u5165\u59d3\u540d\u8eab\u4efd\u8bc1,\u5c31\u80fd\u77e5\u9053\u81ea\u5df1\u662f\u4e0d\u662f": "http://www.baidu.com/link?url=mGzM7FclgMgxQDZD886euV3XqF-DRm7mHf9dF3LCL8zNPah1DREHFTPPvxw27iNWeXV1XavXhsf3t9SBvAYrKa"}{"\u5bc6\u5207\u63a5\u89e6\u8005": "http://www.baidu.com/link?url=zpk7J7OCZ_UznE1HfobkyBpKH1OjFH9NYw6eIquzPaot5Yf3VVftoqCCVlrKXmBJ4mhD8xW0gLNfk7ahhBoHyswzO_MnBUOBO0J5cP3cXZC"}{"...\u65e0\u75c7\u72b6\u6700\u957f\u4f20\u67d3\u671f29\u5929,\u5e76\u81f41\u540d": "http://www.baidu.com/link?url=LeC4TYqnd70GPG99w26uZUV_f0u5lecXC3iEkaAeCqAKIIaSTG3rwvoPp-xf_9DMwdP-F5oRXXoXxZ0V1A-YJK"}{"\u4e2d\u56fd\u5de5\u7a0b\u9662:\u8f93\u5165\u59d3\u540d\u8eab\u4efd\u8bc1\u53ef\u4e86\u89e3\u662f\u5426\u4e3a": "http://www.baidu.com/link?url=oj5o6WqddwJGzyCQZu1BbCDjDosSxVahb7h2i_7pgUTMt0mMOoeu-ZrJ95MOmXxEDhkS9epFXYnXyz3NB8PZS_"}{"\u9644\u4ef63 \u65b0\u578b\u51a0\u72b6\u75c5\u6bd2\u80ba\u708e\u75c5\u4f8b": "http://www.baidu.com/link?url=40Kk2P97zmwzxR36RWS39vztOxoqDCpplT9s0zxKo7h3jFCDkOeHPw2Y1efMLgpEah1d5CU2XIvDiRu9G2_NM_"}{"\u6606\u660e\u7591\u4f3c\u75c5\u4f8b\u548c": "http://www.baidu.com/link?url=vaulXDlpnNwogpJ1s5xwAIj6mvdgJjGLkALl3P24Zc0oLpiUSFwkJgYwidcgZzJHqTMVPxXy_9xSEdkVK0jfwPQwuK48jmZiBUylQ2jDqR3"}{"\u75ab\u60c5\u5f53\u524d \u5982\u679c\u6210\u4e3a": "http://www.baidu.com/link?url=IVT0DL6pWzWfl1bJemj_5WDlrLfJQ6I8d3_M_Kyt-SMWKcu8Yx2W_kBNj6ocA_0Z9bBPCCg1E3PcQ9DPbqy4N1B62aQfL66Z7gqDxRJFoNu"}{"\u4e2d\u5c71:24\u5c0f\u65f6\u5185\u67e5\u660e\u75c5\u4f8b\u611f\u67d3\u6765\u6e90,\u6838\u5b9e\u8ffd\u8e2a\u5168\u90e8": "http://www.baidu.com/link?url=i4FFL0Y6ocGAx8Miae8PTkN3q4L5d2sj7ZIcd3sZuFol9c7zQvpnTiVPizXT9W5-UFnvX_GMegxXxfwxqVQ_Mq"}